Workbook

Sheet Dashboard
A1: SDA Installation Dashboard
A2: =TEXT(TODAY(),"DD MMMM YYYY") -> 01 April 2026
A4: Executive Summary
B5: Total Devices | D5: Completed | F5: On Plan | H5: Hold | J5: Pending
B6: =SUM(All_Detail!F2:F740) -> 1592 | D6: =SUMIFS(All_Detail!F2:F740,All_Detail!J2:J740,"Success") -> 505 | F6: =SUMIFS(All_Detail!F2:F740,All_Detail!J2:J740,"On Plan") -> 1081 | H6: =SUMIFS(All_Detail!F2:F740,All_Detail!J2:J740,"Hold") -> 6 | J6: =SUMIFS(All_Detail!F2:F740,All_Detail!J2:J740,"Pending") -> 0
A7: Overall Progress: | B7: =IF(SUM(All_Detail!F2:F740)=0,"",SUM(All_Detail!G2:G740)/SUM(All_Detail!F2:F740)) -> 0.3178392 | C7: Actual Installed: | D7: =SUM(All_Detail!G2:G740) -> 506 | F7: Total Rows: | G7: =COUNTA(All_Detail!B2:B740) -> 739 | H7: Overdue Items: | I7: =SUMPRODUCT((All_Detail!I2:I740<TODAY())*(All_Detail!J2:J740<>"Success")*(All_Detail!F2:F740)) -> 260
A9: Progress by Fabric
A10: Fabric | B10: Total | C10: Done | D10: % Done | E10: Hold | F10: Remaining | G10: Start Date | H10: End Date | I10: On Plan | J10: Overdue Qty
A11: D1-041 | B11: =SUMIFS(All_Detail!F2:F740,All_Detail!B2:B740,A11) -> 710 | C11: =SUMIFS(All_Detail!G2:G740,All_Detail!B2:B740,A11) -> 306 | D11: =IF(B11=0,"",C11/B11) -> 0.43098592 | E11: =SUMIFS(All_Detail!F2:F740,All_Detail!B2:B740,A11,All_Detail!J2:J740,"Hold") -> 4 | F11: =B11-C11 -> 404 | G11: =_xlfn.MINIFS(All_Detail!I2:I740,All_Detail!B2:B740,A11) -> 46063 | H11: =_xlfn.MAXIFS(All_Detail!I2:I740,All_Detail!B2:B740,A11) -> 46174 | I11: =SUMIFS(All_Detail!F2:F740,All_Detail!B2:B740,A11,All_Detail!J2:J740,"On Plan") -> 399 | J11: =SUMPRODUCT((All_Detail!B2:B740=A11)*(All_Detail!I2:I740<TODAY())*(All_Detail!J2:J740<>"Success")*(All_Detail!F2:F740)) -> 243
A12: CFZ | B12: =SUMIFS(All_Detail!F2:F740,All_Detail!B2:B740,A12) -> 187 | C12: =SUMIFS(All_Detail!G2:G740,All_Detail!B2:B740,A12) -> 169 | D12: =IF(B12=0,"",C12/B12) -> 0.90374332 | E12: =SUMIFS(All_Detail!F2:F740,All_Detail!B2:B740,A12,All_Detail!J2:J740,"Hold") -> 2 | F12: =B12-C12 -> 18 | G12: =_xlfn.MINIFS(All_Detail!I2:I740,All_Detail!B2:B740,A12) -> 46063 | H12: =_xlfn.MAXIFS(All_Detail!I2:I740,All_Detail!B2:B740,A12) -> 46174 | I12: =SUMIFS(All_Detail!F2:F740,All_Detail!B2:B740,A12,All_Detail!J2:J740,"On Plan") -> 17 | J12: =SUMPRODUCT((All_Detail!B2:B740=A12)*(All_Detail!I2:I740<TODAY())*(All_Detail!J2:J740<>"Success")*(All_Detail!F2:F740)) -> 17
A13: T1-015 | B13: =SUMIFS(All_Detail!F2:F740,All_Detail!B2:B740,A13) -> 327 | C13: =SUMIFS(All_Detail!G2:G740,All_Detail!B2:B740,A13) -> 2 | D13: =IF(B13=0,"",C13/B13) -> 0.006116208 | E13: =SUMIFS(All_Detail!F2:F740,All_Detail!B2:B740,A13,All_Detail!J2:J740,"Hold") -> 0 | F13: =B13-C13 -> 325 | G13: =_xlfn.MINIFS(All_Detail!I2:I740,All_Detail!B2:B740,A13) -> 46063 | H13: =_xlfn.MAXIFS(All_Detail!I2:I740,All_Detail!B2:B740,A13) -> 46169 | I13: =SUMIFS(All_Detail!F2:F740,All_Detail!B2:B740,A13,All_Detail!J2:J740,"On Plan") -> 325 | J13: =SUMPRODUCT((All_Detail!B2:B740=A13)*(All_Detail!I2:I740<TODAY())*(All_Detail!J2:J740<>"Success")*(All_Detail!F2:F740)) -> 0
A14: D1-091 | B14: =SUMIFS(All_Detail!F2:F740,All_Detail!B2:B740,A14) -> 147 | C14: =SUMIFS(All_Detail!G2:G740,All_Detail!B2:B740,A14) -> 2 | D14: =IF(B14=0,"",C14/B14) -> 0.013605442 | E14: =SUMIFS(All_Detail!F2:F740,All_Detail!B2:B740,A14,All_Detail!J2:J740,"Hold") -> 0 | F14: =B14-C14 -> 145 | G14: =_xlfn.MINIFS(All_Detail!I2:I740,All_Detail!B2:B740,A14) -> 46063 | H14: =_xlfn.MAXIFS(All_Detail!I2:I740,All_Detail!B2:B740,A14) -> 46181 | I14: =SUMIFS(All_Detail!F2:F740,All_Detail!B2:B740,A14,All_Detail!J2:J740,"On Plan") -> 145 | J14: =SUMPRODUCT((All_Detail!B2:B740=A14)*(All_Detail!I2:I740<TODAY())*(All_Detail!J2:J740<>"Success")*(All_Detail!F2:F740)) -> 0
A15: RFF | B15: =SUMIFS(All_Detail!F2:F740,All_Detail!B2:B740,A15) -> 99 | C15: =SUMIFS(All_Detail!G2:G740,All_Detail!B2:B740,A15) -> 2 | D15: =IF(B15=0,"",C15/B15) -> 0.02020202 | E15: =SUMIFS(All_Detail!F2:F740,All_Detail!B2:B740,A15,All_Detail!J2:J740,"Hold") -> 0 | F15: =B15-C15 -> 97 | G15: =_xlfn.MINIFS(All_Detail!I2:I740,All_Detail!B2:B740,A15) -> 46063 | H15: =_xlfn.MAXIFS(All_Detail!I2:I740,All_Detail!B2:B740,A15) -> 46188 | I15: =SUMIFS(All_Detail!F2:F740,All_Detail!B2:B740,A15,All_Detail!J2:J740,"On Plan") -> 97 | J15: =SUMPRODUCT((All_Detail!B2:B740=A15)*(All_Detail!I2:I740<TODAY())*(All_Detail!J2:J740<>"Success")*(All_Detail!F2:F740)) -> 0
A16: AMF | B16: =SUMIFS(All_Detail!F2:F740,All_Detail!B2:B740,A16) -> 114 | C16: =SUMIFS(All_Detail!G2:G740,All_Detail!B2:B740,A16) -> 23 | D16: =IF(B16=0,"",C16/B16) -> 0.20175439 | E16: =SUMIFS(All_Detail!F2:F740,All_Detail!B2:B740,A16,All_Detail!J2:J740,"Hold") -> 0 | F16: =B16-C16 -> 91 | G16: =_xlfn.MINIFS(All_Detail!I2:I740,All_Detail!B2:B740,A16) -> 46063 | H16: =_xlfn.MAXIFS(All_Detail!I2:I740,All_Detail!B2:B740,A16) -> 46195 | I16: =SUMIFS(All_Detail!F2:F740,All_Detail!B2:B740,A16,All_Detail!J2:J740,"On Plan") -> 92 | J16: =SUMPRODUCT((All_Detail!B2:B740=A16)*(All_Detail!I2:I740<TODAY())*(All_Detail!J2:J740<>"Success")*(All_Detail!F2:F740)) -> 0
A17: PPW | B17: =SUMIFS(All_Detail!F2:F740,All_Detail!B2:B740,A17) -> 8 | C17: =SUMIFS(All_Detail!G2:G740,All_Detail!B2:B740,A17) -> 2 | D17: =IF(B17=0,"",C17/B17) -> 0.25 | E17: =SUMIFS(All_Detail!F2:F740,All_Detail!B2:B740,A17,All_Detail!J2:J740,"Hold") -> 0 | F17: =B17-C17 -> 6 | G17: =_xlfn.MINIFS(All_Detail!I2:I740,All_Detail!B2:B740,A17) -> 46063 | H17: =_xlfn.MAXIFS(All_Detail!I2:I740,All_Detail!B2:B740,A17) -> 46196 | I17: =SUMIFS(All_Detail!F2:F740,All_Detail!B2:B740,A17,All_Detail!J2:J740,"On Plan") -> 6 | J17: =SUMPRODUCT((All_Detail!B2:B740=A17)*(All_Detail!I2:I740<TODAY())*(All_Detail!J2:J740<>"Success")*(All_Detail!F2:F740)) -> 0
A18: TOTAL | B18: =SUM(B11:B17) -> 1592 | C18: =SUM(C11:C17) -> 506 | D18: =IF(B18=0,"",C18/B18) -> 0.3178392 | E18: =SUM(E11:E17) -> 6 | F18: =SUM(F11:F17) -> 1086 | G18: =MIN(G11:G17) -> 46063 | H18: =MAX(H11:H17) -> 46196 | I18: =SUM(I11:I17) -> 1081 | J18: =SUM(J11:J17) -> 260
A20: Device Category Breakdown
A21: Category | B21: Total | C21: Done | D21: % Done | E21: Remaining | F21: Hold | G21: Overdue Qty
A22: Switch | B22: =SUMIFS(All_Detail!F2:F740,All_Detail!O2:O740,A22) -> 1121 | C22: =SUMIFS(All_Detail!G2:G740,All_Detail!O2:O740,A22) -> 407 | D22: =IF(B22=0,"",C22/B22) -> 0.36306869 | E22: =B22-C22 -> 714 | F22: =SUMIFS(All_Detail!F2:F740,All_Detail!O2:O740,A22,All_Detail!J2:J740,"Hold") -> 6 | G22: =SUMPRODUCT((All_Detail!O2:O740=A22)*(All_Detail!I2:I740<TODAY())*(All_Detail!J2:J740<>"Success")*(All_Detail!F2:F740)) -> 81
A23: AP | B23: =SUMIFS(All_Detail!F2:F740,All_Detail!O2:O740,A23) -> 445 | C23: =SUMIFS(All_Detail!G2:G740,All_Detail!O2:O740,A23) -> 75 | D23: =IF(B23=0,"",C23/B23) -> 0.16853933 | E23: =B23-C23 -> 370 | F23: =SUMIFS(All_Detail!F2:F740,All_Detail!O2:O740,A23,All_Detail!J2:J740,"Hold") -> 0 | G23: =SUMPRODUCT((All_Detail!O2:O740=A23)*(All_Detail!I2:I740<TODAY())*(All_Detail!J2:J740<>"Success")*(All_Detail!F2:F740)) -> 177
A24: Infra | B24: =SUMIFS(All_Detail!F2:F740,All_Detail!O2:O740,A24) -> 26 | C24: =SUMIFS(All_Detail!G2:G740,All_Detail!O2:O740,A24) -> 24 | D24: =IF(B24=0,"",C24/B24) -> 0.92307692 | E24: =B24-C24 -> 2 | F24: =SUMIFS(All_Detail!F2:F740,All_Detail!O2:O740,A24,All_Detail!J2:J740,"Hold") -> 0 | G24: =SUMPRODUCT((All_Detail!O2:O740=A24)*(All_Detail!I2:I740<TODAY())*(All_Detail!J2:J740<>"Success")*(All_Detail!F2:F740)) -> 2
A26: Progress by Fabric - Switch vs AP
A27: Fabric | B27: SW Total | C27: SW Done | D27: SW % | E27: AP Total | F27: AP Done | G27: AP % | H27: Infra Total | I27: Infra Done | J27: Infra %
A28: D1-041 | B28: =SUMIFS(All_Detail!F$2:F$740,All_Detail!B$2:B$740,A28,All_Detail!O$2:O$740,"Switch") -> 410 | C28: =SUMIFS(All_Detail!G$2:G$740,All_Detail!B$2:B$740,A28,All_Detail!O$2:O$740,"Switch") -> 253 | D28: =IF(B28=0,"",C28/B28) -> 0.61707317 | E28: =SUMIFS(All_Detail!F$2:F$740,All_Detail!B$2:B$740,A28,All_Detail!O$2:O$740,"AP") -> 290 | F28: =SUMIFS(All_Detail!G$2:G$740,All_Detail!B$2:B$740,A28,All_Detail!O$2:O$740,"AP") -> 43 | G28: =IF(E28=0,"",F28/E28) -> 0.14827586 | H28: =SUMIFS(All_Detail!F$2:F$740,All_Detail!B$2:B$740,A28,All_Detail!O$2:O$740,"Infra") -> 10 | I28: =SUMIFS(All_Detail!G$2:G$740,All_Detail!B$2:B$740,A28,All_Detail!O$2:O$740,"Infra") -> 10 | J28: =IF(H28=0,"",I28/H28) -> 1
A29: CFZ | B29: =SUMIFS(All_Detail!F$2:F$740,All_Detail!B$2:B$740,A29,All_Detail!O$2:O$740,"Switch") -> 156 | C29: =SUMIFS(All_Detail!G$2:G$740,All_Detail!B$2:B$740,A29,All_Detail!O$2:O$740,"Switch") -> 141 | D29: =IF(B29=0,"",C29/B29) -> 0.90384615 | E29: =SUMIFS(All_Detail!F$2:F$740,All_Detail!B$2:B$740,A29,All_Detail!O$2:O$740,"AP") -> 25 | F29: =SUMIFS(All_Detail!G$2:G$740,All_Detail!B$2:B$740,A29,All_Detail!O$2:O$740,"AP") -> 24 | G29: =IF(E29=0,"",F29/E29) -> 0.96 | H29: =SUMIFS(All_Detail!F$2:F$740,All_Detail!B$2:B$740,A29,All_Detail!O$2:O$740,"Infra") -> 6 | I29: =SUMIFS(All_Detail!G$2:G$740,All_Detail!B$2:B$740,A29,All_Detail!O$2:O$740,"Infra") -> 4 | J29: =IF(H29=0,"",I29/H29) -> 0.66666667
A30: T1-015 | B30: =SUMIFS(All_Detail!F$2:F$740,All_Detail!B$2:B$740,A30,All_Detail!O$2:O$740,"Switch") -> 281 | C30: =SUMIFS(All_Detail!G$2:G$740,All_Detail!B$2:B$740,A30,All_Detail!O$2:O$740,"Switch") -> 0 | D30: =IF(B30=0,"",C30/B30) -> 0 | E30: =SUMIFS(All_Detail!F$2:F$740,All_Detail!B$2:B$740,A30,All_Detail!O$2:O$740,"AP") -> 44 | F30: =SUMIFS(All_Detail!G$2:G$740,All_Detail!B$2:B$740,A30,All_Detail!O$2:O$740,"AP") -> 0 | G30: =IF(E30=0,"",F30/E30) -> 0 | H30: =SUMIFS(All_Detail!F$2:F$740,All_Detail!B$2:B$740,A30,All_Detail!O$2:O$740,"Infra") -> 2 | I30: =SUMIFS(All_Detail!G$2:G$740,All_Detail!B$2:B$740,A30,All_Detail!O$2:O$740,"Infra") -> 2 | J30: =IF(H30=0,"",I30/H30) -> 1
A31: D1-091 | B31: =SUMIFS(All_Detail!F$2:F$740,All_Detail!B$2:B$740,A31,All_Detail!O$2:O$740,"Switch") -> 134 | C31: =SUMIFS(All_Detail!G$2:G$740,All_Detail!B$2:B$740,A31,All_Detail!O$2:O$740,"Switch") -> 0 | D31: =IF(B31=0,"",C31/B31) -> 0 | E31: =SUMIFS(All_Detail!F$2:F$740,All_Detail!B$2:B$740,A31,All_Detail!O$2:O$740,"AP") -> 11 | F31: =SUMIFS(All_Detail!G$2:G$740,All_Detail!B$2:B$740,A31,All_Detail!O$2:O$740,"AP") -> 0 | G31: =IF(E31=0,"",F31/E31) -> 0 | H31: =SUMIFS(All_Detail!F$2:F$740,All_Detail!B$2:B$740,A31,All_Detail!O$2:O$740,"Infra") -> 2 | I31: =SUMIFS(All_Detail!G$2:G$740,All_Detail!B$2:B$740,A31,All_Detail!O$2:O$740,"Infra") -> 2 | J31: =IF(H31=0,"",I31/H31) -> 1
A32: RFF | B32: =SUMIFS(All_Detail!F$2:F$740,All_Detail!B$2:B$740,A32,All_Detail!O$2:O$740,"Switch") -> 65 | C32: =SUMIFS(All_Detail!G$2:G$740,All_Detail!B$2:B$740,A32,All_Detail!O$2:O$740,"Switch") -> 0 | D32: =IF(B32=0,"",C32/B32) -> 0 | E32: =SUMIFS(All_Detail!F$2:F$740,All_Detail!B$2:B$740,A32,All_Detail!O$2:O$740,"AP") -> 32 | F32: =SUMIFS(All_Detail!G$2:G$740,All_Detail!B$2:B$740,A32,All_Detail!O$2:O$740,"AP") -> 0 | G32: =IF(E32=0,"",F32/E32) -> 0 | H32: =SUMIFS(All_Detail!F$2:F$740,All_Detail!B$2:B$740,A32,All_Detail!O$2:O$740,"Infra") -> 2 | I32: =SUMIFS(All_Detail!G$2:G$740,All_Detail!B$2:B$740,A32,All_Detail!O$2:O$740,"Infra") -> 2 | J32: =IF(H32=0,"",I32/H32) -> 1
A33: AMF | B33: =SUMIFS(All_Detail!F$2:F$740,All_Detail!B$2:B$740,A33,All_Detail!O$2:O$740,"Switch") -> 69 | C33: =SUMIFS(All_Detail!G$2:G$740,All_Detail!B$2:B$740,A33,All_Detail!O$2:O$740,"Switch") -> 13 | D33: =IF(B33=0,"",C33/B33) -> 0.1884058 | E33: =SUMIFS(All_Detail!F$2:F$740,All_Detail!B$2:B$740,A33,All_Detail!O$2:O$740,"AP") -> 43 | F33: =SUMIFS(All_Detail!G$2:G$740,All_Detail!B$2:B$740,A33,All_Detail!O$2:O$740,"AP") -> 8 | G33: =IF(E33=0,"",F33/E33) -> 0.18604651 | H33: =SUMIFS(All_Detail!F$2:F$740,All_Detail!B$2:B$740,A33,All_Detail!O$2:O$740,"Infra") -> 2 | I33: =SUMIFS(All_Detail!G$2:G$740,All_Detail!B$2:B$740,A33,All_Detail!O$2:O$740,"Infra") -> 2 | J33: =IF(H33=0,"",I33/H33) -> 1
A34: PPW | B34: =SUMIFS(All_Detail!F$2:F$740,All_Detail!B$2:B$740,A34,All_Detail!O$2:O$740,"Switch") -> 6 | C34: =SUMIFS(All_Detail!G$2:G$740,All_Detail!B$2:B$740,A34,All_Detail!O$2:O$740,"Switch") -> 0 | D34: =IF(B34=0,"",C34/B34) -> 0 | E34: =SUMIFS(All_Detail!F$2:F$740,All_Detail!B$2:B$740,A34,All_Detail!O$2:O$740,"AP") -> 0 | F34: =SUMIFS(All_Detail!G$2:G$740,All_Detail!B$2:B$740,A34,All_Detail!O$2:O$740,"AP") -> 0 | G34: =IF(E34=0,"",F34/E34) | H34: =SUMIFS(All_Detail!F$2:F$740,All_Detail!B$2:B$740,A34,All_Detail!O$2:O$740,"Infra") -> 2 | I34: =SUMIFS(All_Detail!G$2:G$740,All_Detail!B$2:B$740,A34,All_Detail!O$2:O$740,"Infra") -> 2 | J34: =IF(H34=0,"",I34/H34) -> 1
A35: TOTAL | B35: =SUM(B28:B34) -> 1121 | C35: =SUM(C28:C34) -> 407 | D35: =IF(B35=0,"",C35/B35) -> 0.36306869 | E35: =SUM(E28:E34) -> 445 | F35: =SUM(F28:F34) -> 75 | G35: =IF(E35=0,"",F35/E35) -> 0.16853933 | H35: =SUM(H28:H34) -> 26 | I35: =SUM(I28:I34) -> 24 | J35: =IF(H35=0,"",I35/H35) -> 0.92307692
A39: Weekly Installation Velocity
A40: Week | B40: Dates | C40: Planned | D40: Actual | E40: Cum.Plan | F40: Cum.Actual | G40: SW Plan | H40: SW Actual | I40: AP Plan | J40: AP Actual
A41: 7 | B41: =TEXT(DATE(2025,12,29)+(A41-1)*7,"DD MMM")&" - "&TEXT(DATE(2025,12,29)+(A41-1)*7+6,"DD MMM") -> 09 Feb - 15 Feb | C41: =SUMPRODUCT((_xlfn.ISOWEEKNUM(All_Detail!I$2:I$740)=A41)*(All_Detail!F$2:F$740)) -> 50 | D41: =SUMPRODUCT((_xlfn.ISOWEEKNUM(All_Detail!H$2:H$740)=A41)*(All_Detail!G$2:G$740)) -> 80 | E41: =SUM(C41) -> 50 | F41: =SUM(D41) -> 80 | G41: =SUMPRODUCT((_xlfn.ISOWEEKNUM(All_Detail!I$2:I$740)=A41)*(All_Detail!O$2:O$740="Switch")*(All_Detail!F$2:F$740)) -> 28 | H41: =SUMPRODUCT((_xlfn.ISOWEEKNUM(All_Detail!H$2:H$740)=A41)*(All_Detail!O$2:O$740="Switch")*(All_Detail!G$2:G$740)) -> 32 | I41: =SUMPRODUCT((_xlfn.ISOWEEKNUM(All_Detail!I$2:I$740)=A41)*(All_Detail!O$2:O$740="AP")*(All_Detail!F$2:F$740)) -> 0 | J41: =SUMPRODUCT((_xlfn.ISOWEEKNUM(All_Detail!H$2:H$740)=A41)*(All_Detail!O$2:O$740="AP")*(All_Detail!G$2:G$740)) -> 24
A42: 8 | B42: =TEXT(DATE(2025,12,29)+(A42-1)*7,"DD MMM")&" - "&TEXT(DATE(2025,12,29)+(A42-1)*7+6,"DD MMM") -> 16 Feb - 22 Feb | C42: =SUMPRODUCT((_xlfn.ISOWEEKNUM(All_Detail!I$2:I$740)=A42)*(All_Detail!F$2:F$740)) -> 103 | D42: =SUMPRODUCT((_xlfn.ISOWEEKNUM(All_Detail!H$2:H$740)=A42)*(All_Detail!G$2:G$740)) -> 99 | E42: =SUM(C41:C42) -> 153 | F42: =SUM(D41:D42) -> 179 | G42: =SUMPRODUCT((_xlfn.ISOWEEKNUM(All_Detail!I$2:I$740)=A42)*(All_Detail!O$2:O$740="Switch")*(All_Detail!F$2:F$740)) -> 60 | H42: =SUMPRODUCT((_xlfn.ISOWEEKNUM(All_Detail!H$2:H$740)=A42)*(All_Detail!O$2:O$740="Switch")*(All_Detail!G$2:G$740)) -> 56 | I42: =SUMPRODUCT((_xlfn.ISOWEEKNUM(All_Detail!I$2:I$740)=A42)*(All_Detail!O$2:O$740="AP")*(All_Detail!F$2:F$740)) -> 43 | J42: =SUMPRODUCT((_xlfn.ISOWEEKNUM(All_Detail!H$2:H$740)=A42)*(All_Detail!O$2:O$740="AP")*(All_Detail!G$2:G$740)) -> 43
A43: 9 | B43: =TEXT(DATE(2025,12,29)+(A43-1)*7,"DD MMM")&" - "&TEXT(DATE(2025,12,29)+(A43-1)*7+6,"DD MMM") -> 23 Feb - 01 Mar | C43: =SUMPRODUCT((_xlfn.ISOWEEKNUM(All_Detail!I$2:I$740)=A43)*(All_Detail!F$2:F$740)) -> 94 | D43: =SUMPRODUCT((_xlfn.ISOWEEKNUM(All_Detail!H$2:H$740)=A43)*(All_Detail!G$2:G$740)) -> 70 | E43: =SUM(C41:C43) -> 247 | F43: =SUM(D41:D43) -> 249 | G43: =SUMPRODUCT((_xlfn.ISOWEEKNUM(All_Detail!I$2:I$740)=A43)*(All_Detail!O$2:O$740="Switch")*(All_Detail!F$2:F$740)) -> 70 | H43: =SUMPRODUCT((_xlfn.ISOWEEKNUM(All_Detail!H$2:H$740)=A43)*(All_Detail!O$2:O$740="Switch")*(All_Detail!G$2:G$740)) -> 70 | I43: =SUMPRODUCT((_xlfn.ISOWEEKNUM(All_Detail!I$2:I$740)=A43)*(All_Detail!O$2:O$740="AP")*(All_Detail!F$2:F$740)) -> 24 | J43: =SUMPRODUCT((_xlfn.ISOWEEKNUM(All_Detail!H$2:H$740)=A43)*(All_Detail!O$2:O$740="AP")*(All_Detail!G$2:G$740)) -> 0
A44: 10 | B44: =TEXT(DATE(2025,12,29)+(A44-1)*7,"DD MMM")&" - "&TEXT(DATE(2025,12,29)+(A44-1)*7+6,"DD MMM") -> 02 Mar - 08 Mar | C44: =SUMPRODUCT((_xlfn.ISOWEEKNUM(All_Detail!I$2:I$740)=A44)*(All_Detail!F$2:F$740)) -> 41 | D44: =SUMPRODUCT((_xlfn.ISOWEEKNUM(All_Detail!H$2:H$740)=A44)*(All_Detail!G$2:G$740)) -> 39 | E44: =SUM(C41:C44) -> 288 | F44: =SUM(D41:D44) -> 288 | G44: =SUMPRODUCT((_xlfn.ISOWEEKNUM(All_Detail!I$2:I$740)=A44)*(All_Detail!O$2:O$740="Switch")*(All_Detail!F$2:F$740)) -> 39 | H44: =SUMPRODUCT((_xlfn.ISOWEEKNUM(All_Detail!H$2:H$740)=A44)*(All_Detail!O$2:O$740="Switch")*(All_Detail!G$2:G$740)) -> 39 | I44: =SUMPRODUCT((_xlfn.ISOWEEKNUM(All_Detail!I$2:I$740)=A44)*(All_Detail!O$2:O$740="AP")*(All_Detail!F$2:F$740)) -> 0 | J44: =SUMPRODUCT((_xlfn.ISOWEEKNUM(All_Detail!H$2:H$740)=A44)*(All_Detail!O$2:O$740="AP")*(All_Detail!G$2:G$740)) -> 0
A45: 11 | B45: =TEXT(DATE(2025,12,29)+(A45-1)*7,"DD MMM")&" - "&TEXT(DATE(2025,12,29)+(A45-1)*7+6,"DD MMM") -> 09 Mar - 15 Mar | C45: =SUMPRODUCT((_xlfn.ISOWEEKNUM(All_Detail!I$2:I$740)=A45)*(All_Detail!F$2:F$740)) -> 94 | D45: =SUMPRODUCT((_xlfn.ISOWEEKNUM(All_Detail!H$2:H$740)=A45)*(All_Detail!G$2:G$740)) -> 93 | E45: =SUM(C41:C45) -> 382 | F45: =SUM(D41:D45) -> 381 | G45: =SUMPRODUCT((_xlfn.ISOWEEKNUM(All_Detail!I$2:I$740)=A45)*(All_Detail!O$2:O$740="Switch")*(All_Detail!F$2:F$740)) -> 94 | H45: =SUMPRODUCT((_xlfn.ISOWEEKNUM(All_Detail!H$2:H$740)=A45)*(All_Detail!O$2:O$740="Switch")*(All_Detail!G$2:G$740)) -> 93 | I45: =SUMPRODUCT((_xlfn.ISOWEEKNUM(All_Detail!I$2:I$740)=A45)*(All_Detail!O$2:O$740="AP")*(All_Detail!F$2:F$740)) -> 0 | J45: =SUMPRODUCT((_xlfn.ISOWEEKNUM(All_Detail!H$2:H$740)=A45)*(All_Detail!O$2:O$740="AP")*(All_Detail!G$2:G$740)) -> 0
A46: 12 | B46: =TEXT(DATE(2025,12,29)+(A46-1)*7,"DD MMM")&" - "&TEXT(DATE(2025,12,29)+(A46-1)*7+6,"DD MMM") -> 16 Mar - 22 Mar | C46: =SUMPRODUCT((_xlfn.ISOWEEKNUM(All_Detail!I$2:I$740)=A46)*(All_Detail!F$2:F$740)) -> 60 | D46: =SUMPRODUCT((_xlfn.ISOWEEKNUM(All_Detail!H$2:H$740)=A46)*(All_Detail!G$2:G$740)) -> 80 | E46: =SUM(C41:C46) -> 442 | F46: =SUM(D41:D46) -> 461 | G46: =SUMPRODUCT((_xlfn.ISOWEEKNUM(All_Detail!I$2:I$740)=A46)*(All_Detail!O$2:O$740="Switch")*(All_Detail!F$2:F$740)) -> 60 | H46: =SUMPRODUCT((_xlfn.ISOWEEKNUM(All_Detail!H$2:H$740)=A46)*(All_Detail!O$2:O$740="Switch")*(All_Detail!G$2:G$740)) -> 80 | I46: =SUMPRODUCT((_xlfn.ISOWEEKNUM(All_Detail!I$2:I$740)=A46)*(All_Detail!O$2:O$740="AP")*(All_Detail!F$2:F$740)) -> 0 | J46: =SUMPRODUCT((_xlfn.ISOWEEKNUM(All_Detail!H$2:H$740)=A46)*(All_Detail!O$2:O$740="AP")*(All_Detail!G$2:G$740)) -> 0
A47: 13 | B47: =TEXT(DATE(2025,12,29)+(A47-1)*7,"DD MMM")&" - "&TEXT(DATE(2025,12,29)+(A47-1)*7+6,"DD MMM") -> 23 Mar - 29 Mar | C47: =SUMPRODUCT((_xlfn.ISOWEEKNUM(All_Detail!I$2:I$740)=A47)*(All_Detail!F$2:F$740)) -> 241 | D47: =SUMPRODUCT((_xlfn.ISOWEEKNUM(All_Detail!H$2:H$740)=A47)*(All_Detail!G$2:G$740)) -> 42 | E47: =SUM(C41:C47) -> 683 | F47: =SUM(D41:D47) -> 503 | G47: =SUMPRODUCT((_xlfn.ISOWEEKNUM(All_Detail!I$2:I$740)=A47)*(All_Detail!O$2:O$740="Switch")*(All_Detail!F$2:F$740)) -> 62 | H47: =SUMPRODUCT((_xlfn.ISOWEEKNUM(All_Detail!H$2:H$740)=A47)*(All_Detail!O$2:O$740="Switch")*(All_Detail!G$2:G$740)) -> 34 | I47: =SUMPRODUCT((_xlfn.ISOWEEKNUM(All_Detail!I$2:I$740)=A47)*(All_Detail!O$2:O$740="AP")*(All_Detail!F$2:F$740)) -> 177 | J47: =SUMPRODUCT((_xlfn.ISOWEEKNUM(All_Detail!H$2:H$740)=A47)*(All_Detail!O$2:O$740="AP")*(All_Detail!G$2:G$740)) -> 8
A48: 14 | B48: =TEXT(DATE(2025,12,29)+(A48-1)*7,"DD MMM")&" - "&TEXT(DATE(2025,12,29)+(A48-1)*7+6,"DD MMM") -> 30 Mar - 05 Apr | C48: =SUMPRODUCT((_xlfn.ISOWEEKNUM(All_Detail!I$2:I$740)=A48)*(All_Detail!F$2:F$740)) -> 49 | D48: =SUMPRODUCT((_xlfn.ISOWEEKNUM(All_Detail!H$2:H$740)=A48)*(All_Detail!G$2:G$740)) -> 0 | E48: =SUM(C41:C48) -> 732 | F48: =SUM(D41:D48) -> 503 | G48: =SUMPRODUCT((_xlfn.ISOWEEKNUM(All_Detail!I$2:I$740)=A48)*(All_Detail!O$2:O$740="Switch")*(All_Detail!F$2:F$740)) -> 30 | H48: =SUMPRODUCT((_xlfn.ISOWEEKNUM(All_Detail!H$2:H$740)=A48)*(All_Detail!O$2:O$740="Switch")*(All_Detail!G$2:G$740)) -> 0 | I48: =SUMPRODUCT((_xlfn.ISOWEEKNUM(All_Detail!I$2:I$740)=A48)*(All_Detail!O$2:O$740="AP")*(All_Detail!F$2:F$740)) -> 19 | J48: =SUMPRODUCT((_xlfn.ISOWEEKNUM(All_Detail!H$2:H$740)=A48)*(All_Detail!O$2:O$740="AP")*(All_Detail!G$2:G$740)) -> 0
A49: 15 | B49: =TEXT(DATE(2025,12,29)+(A49-1)*7,"DD MMM")&" - "&TEXT(DATE(2025,12,29)+(A49-1)*7+6,"DD MMM") -> 06 Apr - 12 Apr | C49: =SUMPRODUCT((_xlfn.ISOWEEKNUM(All_Detail!I$2:I$740)=A49)*(All_Detail!F$2:F$740)) -> 50 | D49: =SUMPRODUCT((_xlfn.ISOWEEKNUM(All_Detail!H$2:H$740)=A49)*(All_Detail!G$2:G$740)) -> 0 | E49: =SUM(C41:C49) -> 782 | F49: =SUM(D41:D49) -> 503 | G49: =SUMPRODUCT((_xlfn.ISOWEEKNUM(All_Detail!I$2:I$740)=A49)*(All_Detail!O$2:O$740="Switch")*(All_Detail!F$2:F$740)) -> 35 | H49: =SUMPRODUCT((_xlfn.ISOWEEKNUM(All_Detail!H$2:H$740)=A49)*(All_Detail!O$2:O$740="Switch")*(All_Detail!G$2:G$740)) -> 0 | I49: =SUMPRODUCT((_xlfn.ISOWEEKNUM(All_Detail!I$2:I$740)=A49)*(All_Detail!O$2:O$740="AP")*(All_Detail!F$2:F$740)) -> 15 | J49: =SUMPRODUCT((_xlfn.ISOWEEKNUM(All_Detail!H$2:H$740)=A49)*(All_Detail!O$2:O$740="AP")*(All_Detail!G$2:G$740)) -> 0
A50: 16 | B50: =TEXT(DATE(2025,12,29)+(A50-1)*7,"DD MMM")&" - "&TEXT(DATE(2025,12,29)+(A50-1)*7+6,"DD MMM") -> 13 Apr - 19 Apr | C50: =SUMPRODUCT((_xlfn.ISOWEEKNUM(All_Detail!I$2:I$740)=A50)*(All_Detail!F$2:F$740)) -> 31 | D50: =SUMPRODUCT((_xlfn.ISOWEEKNUM(All_Detail!H$2:H$740)=A50)*(All_Detail!G$2:G$740)) -> 0 | E50: =SUM(C41:C50) -> 813 | F50: =SUM(D41:D50) -> 503 | G50: =SUMPRODUCT((_xlfn.ISOWEEKNUM(All_Detail!I$2:I$740)=A50)*(All_Detail!O$2:O$740="Switch")*(All_Detail!F$2:F$740)) -> 31 | H50: =SUMPRODUCT((_xlfn.ISOWEEKNUM(All_Detail!H$2:H$740)=A50)*(All_Detail!O$2:O$740="Switch")*(All_Detail!G$2:G$740)) -> 0 | I50: =SUMPRODUCT((_xlfn.ISOWEEKNUM(All_Detail!I$2:I$740)=A50)*(All_Detail!O$2:O$740="AP")*(All_Detail!F$2:F$740)) -> 0 | J50: =SUMPRODUCT((_xlfn.ISOWEEKNUM(All_Detail!H$2:H$740)=A50)*(All_Detail!O$2:O$740="AP")*(All_Detail!G$2:G$740)) -> 0
A51: 17 | B51: =TEXT(DATE(2025,12,29)+(A51-1)*7,"DD MMM")&" - "&TEXT(DATE(2025,12,29)+(A51-1)*7+6,"DD MMM") -> 20 Apr - 26 Apr | C51: =SUMPRODUCT((_xlfn.ISOWEEKNUM(All_Detail!I$2:I$740)=A51)*(All_Detail!F$2:F$740)) -> 86 | D51: =SUMPRODUCT((_xlfn.ISOWEEKNUM(All_Detail!H$2:H$740)=A51)*(All_Detail!G$2:G$740)) -> 0 | E51: =SUM(C41:C51) -> 899 | F51: =SUM(D41:D51) -> 503 | G51: =SUMPRODUCT((_xlfn.ISOWEEKNUM(All_Detail!I$2:I$740)=A51)*(All_Detail!O$2:O$740="Switch")*(All_Detail!F$2:F$740)) -> 49 | H51: =SUMPRODUCT((_xlfn.ISOWEEKNUM(All_Detail!H$2:H$740)=A51)*(All_Detail!O$2:O$740="Switch")*(All_Detail!G$2:G$740)) -> 0 | I51: =SUMPRODUCT((_xlfn.ISOWEEKNUM(All_Detail!I$2:I$740)=A51)*(All_Detail!O$2:O$740="AP")*(All_Detail!F$2:F$740)) -> 37 | J51: =SUMPRODUCT((_xlfn.ISOWEEKNUM(All_Detail!H$2:H$740)=A51)*(All_Detail!O$2:O$740="AP")*(All_Detail!G$2:G$740)) -> 0
A52: 18 | B52: =TEXT(DATE(2025,12,29)+(A52-1)*7,"DD MMM")&" - "&TEXT(DATE(2025,12,29)+(A52-1)*7+6,"DD MMM") -> 27 Apr - 03 May | C52: =SUMPRODUCT((_xlfn.ISOWEEKNUM(All_Detail!I$2:I$740)=A52)*(All_Detail!F$2:F$740)) -> 93 | D52: =SUMPRODUCT((_xlfn.ISOWEEKNUM(All_Detail!H$2:H$740)=A52)*(All_Detail!G$2:G$740)) -> 0 | E52: =SUM(C41:C52) -> 992 | F52: =SUM(D41:D52) -> 503 | G52: =SUMPRODUCT((_xlfn.ISOWEEKNUM(All_Detail!I$2:I$740)=A52)*(All_Detail!O$2:O$740="Switch")*(All_Detail!F$2:F$740)) -> 49 | H52: =SUMPRODUCT((_xlfn.ISOWEEKNUM(All_Detail!H$2:H$740)=A52)*(All_Detail!O$2:O$740="Switch")*(All_Detail!G$2:G$740)) -> 0 | I52: =SUMPRODUCT((_xlfn.ISOWEEKNUM(All_Detail!I$2:I$740)=A52)*(All_Detail!O$2:O$740="AP")*(All_Detail!F$2:F$740)) -> 44 | J52: =SUMPRODUCT((_xlfn.ISOWEEKNUM(All_Detail!H$2:H$740)=A52)*(All_Detail!O$2:O$740="AP")*(All_Detail!G$2:G$740)) -> 0
A53: 19 | B53: =TEXT(DATE(2025,12,29)+(A53-1)*7,"DD MMM")&" - "&TEXT(DATE(2025,12,29)+(A53-1)*7+6,"DD MMM") -> 04 May - 10 May | C53: =SUMPRODUCT((_xlfn.ISOWEEKNUM(All_Detail!I$2:I$740)=A53)*(All_Detail!F$2:F$740)) -> 97 | D53: =SUMPRODUCT((_xlfn.ISOWEEKNUM(All_Detail!H$2:H$740)=A53)*(All_Detail!G$2:G$740)) -> 0 | E53: =SUM(C41:C53) -> 1089 | F53: =SUM(D41:D53) -> 503 | G53: =SUMPRODUCT((_xlfn.ISOWEEKNUM(All_Detail!I$2:I$740)=A53)*(All_Detail!O$2:O$740="Switch")*(All_Detail!F$2:F$740)) -> 97 | H53: =SUMPRODUCT((_xlfn.ISOWEEKNUM(All_Detail!H$2:H$740)=A53)*(All_Detail!O$2:O$740="Switch")*(All_Detail!G$2:G$740)) -> 0 | I53: =SUMPRODUCT((_xlfn.ISOWEEKNUM(All_Detail!I$2:I$740)=A53)*(All_Detail!O$2:O$740="AP")*(All_Detail!F$2:F$740)) -> 0 | J53: =SUMPRODUCT((_xlfn.ISOWEEKNUM(All_Detail!H$2:H$740)=A53)*(All_Detail!O$2:O$740="AP")*(All_Detail!G$2:G$740)) -> 0
A54: 20 | B54: =TEXT(DATE(2025,12,29)+(A54-1)*7,"DD MMM")&" - "&TEXT(DATE(2025,12,29)+(A54-1)*7+6,"DD MMM") -> 11 May - 17 May | C54: =SUMPRODUCT((_xlfn.ISOWEEKNUM(All_Detail!I$2:I$740)=A54)*(All_Detail!F$2:F$740)) -> 50 | D54: =SUMPRODUCT((_xlfn.ISOWEEKNUM(All_Detail!H$2:H$740)=A54)*(All_Detail!G$2:G$740)) -> 0 | E54: =SUM(C41:C54) -> 1139 | F54: =SUM(D41:D54) -> 503 | G54: =SUMPRODUCT((_xlfn.ISOWEEKNUM(All_Detail!I$2:I$740)=A54)*(All_Detail!O$2:O$740="Switch")*(All_Detail!F$2:F$740)) -> 50 | H54: =SUMPRODUCT((_xlfn.ISOWEEKNUM(All_Detail!H$2:H$740)=A54)*(All_Detail!O$2:O$740="Switch")*(All_Detail!G$2:G$740)) -> 0 | I54: =SUMPRODUCT((_xlfn.ISOWEEKNUM(All_Detail!I$2:I$740)=A54)*(All_Detail!O$2:O$740="AP")*(All_Detail!F$2:F$740)) -> 0 | J54: =SUMPRODUCT((_xlfn.ISOWEEKNUM(All_Detail!H$2:H$740)=A54)*(All_Detail!O$2:O$740="AP")*(All_Detail!G$2:G$740)) -> 0
A55: 21 | B55: =TEXT(DATE(2025,12,29)+(A55-1)*7,"DD MMM")&" - "&TEXT(DATE(2025,12,29)+(A55-1)*7+6,"DD MMM") -> 18 May - 24 May | C55: =SUMPRODUCT((_xlfn.ISOWEEKNUM(All_Detail!I$2:I$740)=A55)*(All_Detail!F$2:F$740)) -> 58 | D55: =SUMPRODUCT((_xlfn.ISOWEEKNUM(All_Detail!H$2:H$740)=A55)*(All_Detail!G$2:G$740)) -> 0 | E55: =SUM(C41:C55) -> 1197 | F55: =SUM(D41:D55) -> 503 | G55: =SUMPRODUCT((_xlfn.ISOWEEKNUM(All_Detail!I$2:I$740)=A55)*(All_Detail!O$2:O$740="Switch")*(All_Detail!F$2:F$740)) -> 58 | H55: =SUMPRODUCT((_xlfn.ISOWEEKNUM(All_Detail!H$2:H$740)=A55)*(All_Detail!O$2:O$740="Switch")*(All_Detail!G$2:G$740)) -> 0 | I55: =SUMPRODUCT((_xlfn.ISOWEEKNUM(All_Detail!I$2:I$740)=A55)*(All_Detail!O$2:O$740="AP")*(All_Detail!F$2:F$740)) -> 0 | J55: =SUMPRODUCT((_xlfn.ISOWEEKNUM(All_Detail!H$2:H$740)=A55)*(All_Detail!O$2:O$740="AP")*(All_Detail!G$2:G$740)) -> 0
A56: 22 | B56: =TEXT(DATE(2025,12,29)+(A56-1)*7,"DD MMM")&" - "&TEXT(DATE(2025,12,29)+(A56-1)*7+6,"DD MMM") -> 25 May - 31 May | C56: =SUMPRODUCT((_xlfn.ISOWEEKNUM(All_Detail!I$2:I$740)=A56)*(All_Detail!F$2:F$740)) -> 77 | D56: =SUMPRODUCT((_xlfn.ISOWEEKNUM(All_Detail!H$2:H$740)=A56)*(All_Detail!G$2:G$740)) -> 0 | E56: =SUM(C41:C56) -> 1274 | F56: =SUM(D41:D56) -> 503 | G56: =SUMPRODUCT((_xlfn.ISOWEEKNUM(All_Detail!I$2:I$740)=A56)*(All_Detail!O$2:O$740="Switch")*(All_Detail!F$2:F$740)) -> 77 | H56: =SUMPRODUCT((_xlfn.ISOWEEKNUM(All_Detail!H$2:H$740)=A56)*(All_Detail!O$2:O$740="Switch")*(All_Detail!G$2:G$740)) -> 0 | I56: =SUMPRODUCT((_xlfn.ISOWEEKNUM(All_Detail!I$2:I$740)=A56)*(All_Detail!O$2:O$740="AP")*(All_Detail!F$2:F$740)) -> 0 | J56: =SUMPRODUCT((_xlfn.ISOWEEKNUM(All_Detail!H$2:H$740)=A56)*(All_Detail!O$2:O$740="AP")*(All_Detail!G$2:G$740)) -> 0
A57: 23 | B57: =TEXT(DATE(2025,12,29)+(A57-1)*7,"DD MMM")&" - "&TEXT(DATE(2025,12,29)+(A57-1)*7+6,"DD MMM") -> 01 Jun - 07 Jun | C57: =SUMPRODUCT((_xlfn.ISOWEEKNUM(All_Detail!I$2:I$740)=A57)*(All_Detail!F$2:F$740)) -> 99 | D57: =SUMPRODUCT((_xlfn.ISOWEEKNUM(All_Detail!H$2:H$740)=A57)*(All_Detail!G$2:G$740)) -> 0 | E57: =SUM(C41:C57) -> 1373 | F57: =SUM(D41:D57) -> 503 | G57: =SUMPRODUCT((_xlfn.ISOWEEKNUM(All_Detail!I$2:I$740)=A57)*(All_Detail!O$2:O$740="Switch")*(All_Detail!F$2:F$740)) -> 88 | H57: =SUMPRODUCT((_xlfn.ISOWEEKNUM(All_Detail!H$2:H$740)=A57)*(All_Detail!O$2:O$740="Switch")*(All_Detail!G$2:G$740)) -> 0 | I57: =SUMPRODUCT((_xlfn.ISOWEEKNUM(All_Detail!I$2:I$740)=A57)*(All_Detail!O$2:O$740="AP")*(All_Detail!F$2:F$740)) -> 11 | J57: =SUMPRODUCT((_xlfn.ISOWEEKNUM(All_Detail!H$2:H$740)=A57)*(All_Detail!O$2:O$740="AP")*(All_Detail!G$2:G$740)) -> 0
A58: TOTAL | C58: =SUM(C41:C57) -> 1373 | D58: =SUM(D41:D57) -> 503 | E58: =E57 -> 1373 | F58: =F57 -> 503 | G58: =SUM(G41:G57) -> 977 | H58: =SUM(H41:H57) -> 404 | I58: =SUM(I41:I57) -> 370 | J58: =SUM(J41:J57) -> 75
A60: This Week Schedule
A61: Week: | B61: =TEXT(TODAY()-WEEKDAY(TODAY(),2)+1,"DD MMM")&" - "&TEXT(TODAY()-WEEKDAY(TODAY(),2)+7,"DD MMM YYYY") -> 30 Mar - 05 Apr 2026
A62: Fabric | B62: Location | C62: Room | D62: Device Type | E62: Qty | F62: Scheduled Date | G62: Status | H62: Remark
A63: =IFERROR(INDEX(_xlfn.SORTBY(_xlfn._xlws.FILTER(All_Detail!B$2:B$740,(All_Detail!I$2:I$740>=TODAY()-WEEKDAY(TODAY(),2)+1)*(All_Detail!I$2:I$740<=TODAY()-WEEKDAY(TODAY(),2)+7)),_xlfn._xlws.FILTER(All_Detail!I$2:I$740,(All_Detail!I$2:I$740>=TODAY()-WEEKDAY(TODAY(),2)+1)*(All_Detail!I$2:I$740<=TODAY()-WEEKDAY(TODAY(),2)+7)),1),1),"") -> D1-041 | B63: =IFERROR(INDEX(_xlfn.SORTBY(_xlfn._xlws.FILTER(All_Detail!C$2:C$740,(All_Detail!I$2:I$740>=TODAY()-WEEKDAY(TODAY(),2)+1)*(All_Detail!I$2:I$740<=TODAY()-WEEKDAY(TODAY(),2)+7)),_xlfn._xlws.FILTER(All_Detail!I$2:I$740,(All_Detail!I$2:I$740>=TODAY()-WEEKDAY(TODAY(),2)+1)*(All_Detail!I$2:I$740<=TODAY()-WEEKDAY(TODAY(),2)+7)),1),1),"") -> Concourse D | C63: =IFERROR(INDEX(_xlfn.SORTBY(_xlfn._xlws.FILTER(All_Detail!D$2:D$740,(All_Detail!I$2:I$740>=TODAY()-WEEKDAY(TODAY(),2)+1)*(All_Detail!I$2:I$740<=TODAY()-WEEKDAY(TODAY(),2)+7)),_xlfn._xlws.FILTER(All_Detail!I$2:I$740,(All_Detail!I$2:I$740>=TODAY()-WEEKDAY(TODAY(),2)+1)*(All_Detail!I$2:I$740<=TODAY()-WEEKDAY(TODAY(),2)+7)),1),1),"") -> D3-031 | D63: =IFERROR(INDEX(_xlfn.SORTBY(_xlfn._xlws.FILTER(All_Detail!E$2:E$740,(All_Detail!I$2:I$740>=TODAY()-WEEKDAY(TODAY(),2)+1)*(All_Detail!I$2:I$740<=TODAY()-WEEKDAY(TODAY(),2)+7)),_xlfn._xlws.FILTER(All_Detail!I$2:I$740,(All_Detail!I$2:I$740>=TODAY()-WEEKDAY(TODAY(),2)+1)*(All_Detail!I$2:I$740<=TODAY()-WEEKDAY(TODAY(),2)+7)),1),1),"") -> Aggregation Switch Type 2 | E63: =IFERROR(INDEX(_xlfn.SORTBY(_xlfn._xlws.FILTER(All_Detail!F$2:F$740,(All_Detail!I$2:I$740>=TODAY()-WEEKDAY(TODAY(),2)+1)*(All_Detail!I$2:I$740<=TODAY()-WEEKDAY(TODAY(),2)+7)),_xlfn._xlws.FILTER(All_Detail!I$2:I$740,(All_Detail!I$2:I$740>=TODAY()-WEEKDAY(TODAY(),2)+1)*(All_Detail!I$2:I$740<=TODAY()-WEEKDAY(TODAY(),2)+7)),1),1),"") -> 1 | F63: =IFERROR(INDEX(_xlfn.SORTBY(_xlfn._xlws.FILTER(All_Detail!I$2:I$740,(All_Detail!I$2:I$740>=TODAY()-WEEKDAY(TODAY(),2)+1)*(All_Detail!I$2:I$740<=TODAY()-WEEKDAY(TODAY(),2)+7)),_xlfn._xlws.FILTER(All_Detail!I$2:I$740,(All_Detail!I$2:I$740>=TODAY()-WEEKDAY(TODAY(),2)+1)*(All_Detail!I$2:I$740<=TODAY()-WEEKDAY(TODAY(),2)+7)),1),1),"") -> 46111 | G63: =IFERROR(INDEX(_xlfn.SORTBY(_xlfn._xlws.FILTER(All_Detail!J$2:J$740,(All_Detail!I$2:I$740>=TODAY()-WEEKDAY(TODAY(),2)+1)*(All_Detail!I$2:I$740<=TODAY()-WEEKDAY(TODAY(),2)+7)),_xlfn._xlws.FILTER(All_Detail!I$2:I$740,(All_Detail!I$2:I$740>=TODAY()-WEEKDAY(TODAY(),2)+1)*(All_Detail!I$2:I$740<=TODAY()-WEEKDAY(TODAY(),2)+7)),1),1),"") -> On Plan | H63: =IFERROR(INDEX(_xlfn.SORTBY(_xlfn._xlws.FILTER(All_Detail!P$2:P$740,(All_Detail!I$2:I$740>=TODAY()-WEEKDAY(TODAY(),2)+1)*(All_Detail!I$2:I$740<=TODAY()-WEEKDAY(TODAY(),2)+7)),_xlfn._xlws.FILTER(All_Detail!I$2:I$740,(All_Detail!I$2:I$740>=TODAY()-WEEKDAY(TODAY(),2)+1)*(All_Detail!I$2:I$740<=TODAY()-WEEKDAY(TODAY(),2)+7)),1),1),"") -> 0
A64: =IFERROR(INDEX(_xlfn.SORTBY(_xlfn._xlws.FILTER(All_Detail!B$2:B$740,(All_Detail!I$2:I$740>=TODAY()-WEEKDAY(TODAY(),2)+1)*(All_Detail!I$2:I$740<=TODAY()-WEEKDAY(TODAY(),2)+7)),_xlfn._xlws.FILTER(All_Detail!I$2:I$740,(All_Detail!I$2:I$740>=TODAY()-WEEKDAY(TODAY(),2)+1)*(All_Detail!I$2:I$740<=TODAY()-WEEKDAY(TODAY(),2)+7)),1),2),"") -> D1-041 | B64: =IFERROR(INDEX(_xlfn.SORTBY(_xlfn._xlws.FILTER(All_Detail!C$2:C$740,(All_Detail!I$2:I$740>=TODAY()-WEEKDAY(TODAY(),2)+1)*(All_Detail!I$2:I$740<=TODAY()-WEEKDAY(TODAY(),2)+7)),_xlfn._xlws.FILTER(All_Detail!I$2:I$740,(All_Detail!I$2:I$740>=TODAY()-WEEKDAY(TODAY(),2)+1)*(All_Detail!I$2:I$740<=TODAY()-WEEKDAY(TODAY(),2)+7)),1),2),"") -> Concourse D | C64: =IFERROR(INDEX(_xlfn.SORTBY(_xlfn._xlws.FILTER(All_Detail!D$2:D$740,(All_Detail!I$2:I$740>=TODAY()-WEEKDAY(TODAY(),2)+1)*(All_Detail!I$2:I$740<=TODAY()-WEEKDAY(TODAY(),2)+7)),_xlfn._xlws.FILTER(All_Detail!I$2:I$740,(All_Detail!I$2:I$740>=TODAY()-WEEKDAY(TODAY(),2)+1)*(All_Detail!I$2:I$740<=TODAY()-WEEKDAY(TODAY(),2)+7)),1),2),"") -> D2-069 | D64: =IFERROR(INDEX(_xlfn.SORTBY(_xlfn._xlws.FILTER(All_Detail!E$2:E$740,(All_Detail!I$2:I$740>=TODAY()-WEEKDAY(TODAY(),2)+1)*(All_Detail!I$2:I$740<=TODAY()-WEEKDAY(TODAY(),2)+7)),_xlfn._xlws.FILTER(All_Detail!I$2:I$740,(All_Detail!I$2:I$740>=TODAY()-WEEKDAY(TODAY(),2)+1)*(All_Detail!I$2:I$740<=TODAY()-WEEKDAY(TODAY(),2)+7)),1),2),"") -> Access Switch Type 4 | E64: =IFERROR(INDEX(_xlfn.SORTBY(_xlfn._xlws.FILTER(All_Detail!F$2:F$740,(All_Detail!I$2:I$740>=TODAY()-WEEKDAY(TODAY(),2)+1)*(All_Detail!I$2:I$740<=TODAY()-WEEKDAY(TODAY(),2)+7)),_xlfn._xlws.FILTER(All_Detail!I$2:I$740,(All_Detail!I$2:I$740>=TODAY()-WEEKDAY(TODAY(),2)+1)*(All_Detail!I$2:I$740<=TODAY()-WEEKDAY(TODAY(),2)+7)),1),2),"") -> 1 | F64: =IFERROR(INDEX(_xlfn.SORTBY(_xlfn._xlws.FILTER(All_Detail!I$2:I$740,(All_Detail!I$2:I$740>=TODAY()-WEEKDAY(TODAY(),2)+1)*(All_Detail!I$2:I$740<=TODAY()-WEEKDAY(TODAY(),2)+7)),_xlfn._xlws.FILTER(All_Detail!I$2:I$740,(All_Detail!I$2:I$740>=TODAY()-WEEKDAY(TODAY(),2)+1)*(All_Detail!I$2:I$740<=TODAY()-WEEKDAY(TODAY(),2)+7)),1),2),"") -> 46111 | G64: =IFERROR(INDEX(_xlfn.SORTBY(_xlfn._xlws.FILTER(All_Detail!J$2:J$740,(All_Detail!I$2:I$740>=TODAY()-WEEKDAY(TODAY(),2)+1)*(All_Detail!I$2:I$740<=TODAY()-WEEKDAY(TODAY(),2)+7)),_xlfn._xlws.FILTER(All_Detail!I$2:I$740,(All_Detail!I$2:I$740>=TODAY()-WEEKDAY(TODAY(),2)+1)*(All_Detail!I$2:I$740<=TODAY()-WEEKDAY(TODAY(),2)+7)),1),2),"") -> On Plan | H64: =IFERROR(INDEX(_xlfn.SORTBY(_xlfn._xlws.FILTER(All_Detail!P$2:P$740,(All_Detail!I$2:I$740>=TODAY()-WEEKDAY(TODAY(),2)+1)*(All_Detail!I$2:I$740<=TODAY()-WEEKDAY(TODAY(),2)+7)),_xlfn._xlws.FILTER(All_Detail!I$2:I$740,(All_Detail!I$2:I$740>=TODAY()-WEEKDAY(TODAY(),2)+1)*(All_Detail!I$2:I$740<=TODAY()-WEEKDAY(TODAY(),2)+7)),1),2),"") -> 0
A65: =IFERROR(INDEX(_xlfn.SORTBY(_xlfn._xlws.FILTER(All_Detail!B$2:B$740,(All_Detail!I$2:I$740>=TODAY()-WEEKDAY(TODAY(),2)+1)*(All_Detail!I$2:I$740<=TODAY()-WEEKDAY(TODAY(),2)+7)),_xlfn._xlws.FILTER(All_Detail!I$2:I$740,(All_Detail!I$2:I$740>=TODAY()-WEEKDAY(TODAY(),2)+1)*(All_Detail!I$2:I$740<=TODAY()-WEEKDAY(TODAY(),2)+7)),1),3),"") -> D1-041 | B65: =IFERROR(INDEX(_xlfn.SORTBY(_xlfn._xlws.FILTER(All_Detail!C$2:C$740,(All_Detail!I$2:I$740>=TODAY()-WEEKDAY(TODAY(),2)+1)*(All_Detail!I$2:I$740<=TODAY()-WEEKDAY(TODAY(),2)+7)),_xlfn._xlws.FILTER(All_Detail!I$2:I$740,(All_Detail!I$2:I$740>=TODAY()-WEEKDAY(TODAY(),2)+1)*(All_Detail!I$2:I$740<=TODAY()-WEEKDAY(TODAY(),2)+7)),1),3),"") -> Concourse D | C65: =IFERROR(INDEX(_xlfn.SORTBY(_xlfn._xlws.FILTER(All_Detail!D$2:D$740,(All_Detail!I$2:I$740>=TODAY()-WEEKDAY(TODAY(),2)+1)*(All_Detail!I$2:I$740<=TODAY()-WEEKDAY(TODAY(),2)+7)),_xlfn._xlws.FILTER(All_Detail!I$2:I$740,(All_Detail!I$2:I$740>=TODAY()-WEEKDAY(TODAY(),2)+1)*(All_Detail!I$2:I$740<=TODAY()-WEEKDAY(TODAY(),2)+7)),1),3),"") -> D2-069 | D65: =IFERROR(INDEX(_xlfn.SORTBY(_xlfn._xlws.FILTER(All_Detail!E$2:E$740,(All_Detail!I$2:I$740>=TODAY()-WEEKDAY(TODAY(),2)+1)*(All_Detail!I$2:I$740<=TODAY()-WEEKDAY(TODAY(),2)+7)),_xlfn._xlws.FILTER(All_Detail!I$2:I$740,(All_Detail!I$2:I$740>=TODAY()-WEEKDAY(TODAY(),2)+1)*(All_Detail!I$2:I$740<=TODAY()-WEEKDAY(TODAY(),2)+7)),1),3),"") -> Access Switch Type 2 | E65: =IFERROR(INDEX(_xlfn.SORTBY(_xlfn._xlws.FILTER(All_Detail!F$2:F$740,(All_Detail!I$2:I$740>=TODAY()-WEEKDAY(TODAY(),2)+1)*(All_Detail!I$2:I$740<=TODAY()-WEEKDAY(TODAY(),2)+7)),_xlfn._xlws.FILTER(All_Detail!I$2:I$740,(All_Detail!I$2:I$740>=TODAY()-WEEKDAY(TODAY(),2)+1)*(All_Detail!I$2:I$740<=TODAY()-WEEKDAY(TODAY(),2)+7)),1),3),"") -> 1 | F65: =IFERROR(INDEX(_xlfn.SORTBY(_xlfn._xlws.FILTER(All_Detail!I$2:I$740,(All_Detail!I$2:I$740>=TODAY()-WEEKDAY(TODAY(),2)+1)*(All_Detail!I$2:I$740<=TODAY()-WEEKDAY(TODAY(),2)+7)),_xlfn._xlws.FILTER(All_Detail!I$2:I$740,(All_Detail!I$2:I$740>=TODAY()-WEEKDAY(TODAY(),2)+1)*(All_Detail!I$2:I$740<=TODAY()-WEEKDAY(TODAY(),2)+7)),1),3),"") -> 46111 | G65: =IFERROR(INDEX(_xlfn.SORTBY(_xlfn._xlws.FILTER(All_Detail!J$2:J$740,(All_Detail!I$2:I$740>=TODAY()-WEEKDAY(TODAY(),2)+1)*(All_Detail!I$2:I$740<=TODAY()-WEEKDAY(TODAY(),2)+7)),_xlfn._xlws.FILTER(All_Detail!I$2:I$740,(All_Detail!I$2:I$740>=TODAY()-WEEKDAY(TODAY(),2)+1)*(All_Detail!I$2:I$740<=TODAY()-WEEKDAY(TODAY(),2)+7)),1),3),"") -> On Plan | H65: =IFERROR(INDEX(_xlfn.SORTBY(_xlfn._xlws.FILTER(All_Detail!P$2:P$740,(All_Detail!I$2:I$740>=TODAY()-WEEKDAY(TODAY(),2)+1)*(All_Detail!I$2:I$740<=TODAY()-WEEKDAY(TODAY(),2)+7)),_xlfn._xlws.FILTER(All_Detail!I$2:I$740,(All_Detail!I$2:I$740>=TODAY()-WEEKDAY(TODAY(),2)+1)*(All_Detail!I$2:I$740<=TODAY()-WEEKDAY(TODAY(),2)+7)),1),3),"") -> 0
A66: =IFERROR(INDEX(_xlfn.SORTBY(_xlfn._xlws.FILTER(All_Detail!B$2:B$740,(All_Detail!I$2:I$740>=TODAY()-WEEKDAY(TODAY(),2)+1)*(All_Detail!I$2:I$740<=TODAY()-WEEKDAY(TODAY(),2)+7)),_xlfn._xlws.FILTER(All_Detail!I$2:I$740,(All_Detail!I$2:I$740>=TODAY()-WEEKDAY(TODAY(),2)+1)*(All_Detail!I$2:I$740<=TODAY()-WEEKDAY(TODAY(),2)+7)),1),4),"") -> D1-041 | B66: =IFERROR(INDEX(_xlfn.SORTBY(_xlfn._xlws.FILTER(All_Detail!C$2:C$740,(All_Detail!I$2:I$740>=TODAY()-WEEKDAY(TODAY(),2)+1)*(All_Detail!I$2:I$740<=TODAY()-WEEKDAY(TODAY(),2)+7)),_xlfn._xlws.FILTER(All_Detail!I$2:I$740,(All_Detail!I$2:I$740>=TODAY()-WEEKDAY(TODAY(),2)+1)*(All_Detail!I$2:I$740<=TODAY()-WEEKDAY(TODAY(),2)+7)),1),4),"") -> Concourse D | C66: =IFERROR(INDEX(_xlfn.SORTBY(_xlfn._xlws.FILTER(All_Detail!D$2:D$740,(All_Detail!I$2:I$740>=TODAY()-WEEKDAY(TODAY(),2)+1)*(All_Detail!I$2:I$740<=TODAY()-WEEKDAY(TODAY(),2)+7)),_xlfn._xlws.FILTER(All_Detail!I$2:I$740,(All_Detail!I$2:I$740>=TODAY()-WEEKDAY(TODAY(),2)+1)*(All_Detail!I$2:I$740<=TODAY()-WEEKDAY(TODAY(),2)+7)),1),4),"") -> D2-082 | D66: =IFERROR(INDEX(_xlfn.SORTBY(_xlfn._xlws.FILTER(All_Detail!E$2:E$740,(All_Detail!I$2:I$740>=TODAY()-WEEKDAY(TODAY(),2)+1)*(All_Detail!I$2:I$740<=TODAY()-WEEKDAY(TODAY(),2)+7)),_xlfn._xlws.FILTER(All_Detail!I$2:I$740,(All_Detail!I$2:I$740>=TODAY()-WEEKDAY(TODAY(),2)+1)*(All_Detail!I$2:I$740<=TODAY()-WEEKDAY(TODAY(),2)+7)),1),4),"") -> Access Switch Type 4 | E66: =IFERROR(INDEX(_xlfn.SORTBY(_xlfn._xlws.FILTER(All_Detail!F$2:F$740,(All_Detail!I$2:I$740>=TODAY()-WEEKDAY(TODAY(),2)+1)*(All_Detail!I$2:I$740<=TODAY()-WEEKDAY(TODAY(),2)+7)),_xlfn._xlws.FILTER(All_Detail!I$2:I$740,(All_Detail!I$2:I$740>=TODAY()-WEEKDAY(TODAY(),2)+1)*(All_Detail!I$2:I$740<=TODAY()-WEEKDAY(TODAY(),2)+7)),1),4),"") -> 1 | F66: =IFERROR(INDEX(_xlfn.SORTBY(_xlfn._xlws.FILTER(All_Detail!I$2:I$740,(All_Detail!I$2:I$740>=TODAY()-WEEKDAY(TODAY(),2)+1)*(All_Detail!I$2:I$740<=TODAY()-WEEKDAY(TODAY(),2)+7)),_xlfn._xlws.FILTER(All_Detail!I$2:I$740,(All_Detail!I$2:I$740>=TODAY()-WEEKDAY(TODAY(),2)+1)*(All_Detail!I$2:I$740<=TODAY()-WEEKDAY(TODAY(),2)+7)),1),4),"") -> 46111 | G66: =IFERROR(INDEX(_xlfn.SORTBY(_xlfn._xlws.FILTER(All_Detail!J$2:J$740,(All_Detail!I$2:I$740>=TODAY()-WEEKDAY(TODAY(),2)+1)*(All_Detail!I$2:I$740<=TODAY()-WEEKDAY(TODAY(),2)+7)),_xlfn._xlws.FILTER(All_Detail!I$2:I$740,(All_Detail!I$2:I$740>=TODAY()-WEEKDAY(TODAY(),2)+1)*(All_Detail!I$2:I$740<=TODAY()-WEEKDAY(TODAY(),2)+7)),1),4),"") -> On Plan | H66: =IFERROR(INDEX(_xlfn.SORTBY(_xlfn._xlws.FILTER(All_Detail!P$2:P$740,(All_Detail!I$2:I$740>=TODAY()-WEEKDAY(TODAY(),2)+1)*(All_Detail!I$2:I$740<=TODAY()-WEEKDAY(TODAY(),2)+7)),_xlfn._xlws.FILTER(All_Detail!I$2:I$740,(All_Detail!I$2:I$740>=TODAY()-WEEKDAY(TODAY(),2)+1)*(All_Detail!I$2:I$740<=TODAY()-WEEKDAY(TODAY(),2)+7)),1),4),"") -> 0
A67: =IFERROR(INDEX(_xlfn.SORTBY(_xlfn._xlws.FILTER(All_Detail!B$2:B$740,(All_Detail!I$2:I$740>=TODAY()-WEEKDAY(TODAY(),2)+1)*(All_Detail!I$2:I$740<=TODAY()-WEEKDAY(TODAY(),2)+7)),_xlfn._xlws.FILTER(All_Detail!I$2:I$740,(All_Detail!I$2:I$740>=TODAY()-WEEKDAY(TODAY(),2)+1)*(All_Detail!I$2:I$740<=TODAY()-WEEKDAY(TODAY(),2)+7)),1),5),"") -> D1-041 | B67: =IFERROR(INDEX(_xlfn.SORTBY(_xlfn._xlws.FILTER(All_Detail!C$2:C$740,(All_Detail!I$2:I$740>=TODAY()-WEEKDAY(TODAY(),2)+1)*(All_Detail!I$2:I$740<=TODAY()-WEEKDAY(TODAY(),2)+7)),_xlfn._xlws.FILTER(All_Detail!I$2:I$740,(All_Detail!I$2:I$740>=TODAY()-WEEKDAY(TODAY(),2)+1)*(All_Detail!I$2:I$740<=TODAY()-WEEKDAY(TODAY(),2)+7)),1),5),"") -> Concourse D | C67: =IFERROR(INDEX(_xlfn.SORTBY(_xlfn._xlws.FILTER(All_Detail!D$2:D$740,(All_Detail!I$2:I$740>=TODAY()-WEEKDAY(TODAY(),2)+1)*(All_Detail!I$2:I$740<=TODAY()-WEEKDAY(TODAY(),2)+7)),_xlfn._xlws.FILTER(All_Detail!I$2:I$740,(All_Detail!I$2:I$740>=TODAY()-WEEKDAY(TODAY(),2)+1)*(All_Detail!I$2:I$740<=TODAY()-WEEKDAY(TODAY(),2)+7)),1),5),"") -> D2-082 | D67: =IFERROR(INDEX(_xlfn.SORTBY(_xlfn._xlws.FILTER(All_Detail!E$2:E$740,(All_Detail!I$2:I$740>=TODAY()-WEEKDAY(TODAY(),2)+1)*(All_Detail!I$2:I$740<=TODAY()-WEEKDAY(TODAY(),2)+7)),_xlfn._xlws.FILTER(All_Detail!I$2:I$740,(All_Detail!I$2:I$740>=TODAY()-WEEKDAY(TODAY(),2)+1)*(All_Detail!I$2:I$740<=TODAY()-WEEKDAY(TODAY(),2)+7)),1),5),"") -> Access Switch Type 2 | E67: =IFERROR(INDEX(_xlfn.SORTBY(_xlfn._xlws.FILTER(All_Detail!F$2:F$740,(All_Detail!I$2:I$740>=TODAY()-WEEKDAY(TODAY(),2)+1)*(All_Detail!I$2:I$740<=TODAY()-WEEKDAY(TODAY(),2)+7)),_xlfn._xlws.FILTER(All_Detail!I$2:I$740,(All_Detail!I$2:I$740>=TODAY()-WEEKDAY(TODAY(),2)+1)*(All_Detail!I$2:I$740<=TODAY()-WEEKDAY(TODAY(),2)+7)),1),5),"") -> 1 | F67: =IFERROR(INDEX(_xlfn.SORTBY(_xlfn._xlws.FILTER(All_Detail!I$2:I$740,(All_Detail!I$2:I$740>=TODAY()-WEEKDAY(TODAY(),2)+1)*(All_Detail!I$2:I$740<=TODAY()-WEEKDAY(TODAY(),2)+7)),_xlfn._xlws.FILTER(All_Detail!I$2:I$740,(All_Detail!I$2:I$740>=TODAY()-WEEKDAY(TODAY(),2)+1)*(All_Detail!I$2:I$740<=TODAY()-WEEKDAY(TODAY(),2)+7)),1),5),"") -> 46111 | G67: =IFERROR(INDEX(_xlfn.SORTBY(_xlfn._xlws.FILTER(All_Detail!J$2:J$740,(All_Detail!I$2:I$740>=TODAY()-WEEKDAY(TODAY(),2)+1)*(All_Detail!I$2:I$740<=TODAY()-WEEKDAY(TODAY(),2)+7)),_xlfn._xlws.FILTER(All_Detail!I$2:I$740,(All_Detail!I$2:I$740>=TODAY()-WEEKDAY(TODAY(),2)+1)*(All_Detail!I$2:I$740<=TODAY()-WEEKDAY(TODAY(),2)+7)),1),5),"") -> On Plan | H67: =IFERROR(INDEX(_xlfn.SORTBY(_xlfn._xlws.FILTER(All_Detail!P$2:P$740,(All_Detail!I$2:I$740>=TODAY()-WEEKDAY(TODAY(),2)+1)*(All_Detail!I$2:I$740<=TODAY()-WEEKDAY(TODAY(),2)+7)),_xlfn._xlws.FILTER(All_Detail!I$2:I$740,(All_Detail!I$2:I$740>=TODAY()-WEEKDAY(TODAY(),2)+1)*(All_Detail!I$2:I$740<=TODAY()-WEEKDAY(TODAY(),2)+7)),1),5),"") -> 0
A68: =IFERROR(INDEX(_xlfn.SORTBY(_xlfn._xlws.FILTER(All_Detail!B$2:B$740,(All_Detail!I$2:I$740>=TODAY()-WEEKDAY(TODAY(),2)+1)*(All_Detail!I$2:I$740<=TODAY()-WEEKDAY(TODAY(),2)+7)),_xlfn._xlws.FILTER(All_Detail!I$2:I$740,(All_Detail!I$2:I$740>=TODAY()-WEEKDAY(TODAY(),2)+1)*(All_Detail!I$2:I$740<=TODAY()-WEEKDAY(TODAY(),2)+7)),1),6),"") -> D1-041 | B68: =IFERROR(INDEX(_xlfn.SORTBY(_xlfn._xlws.FILTER(All_Detail!C$2:C$740,(All_Detail!I$2:I$740>=TODAY()-WEEKDAY(TODAY(),2)+1)*(All_Detail!I$2:I$740<=TODAY()-WEEKDAY(TODAY(),2)+7)),_xlfn._xlws.FILTER(All_Detail!I$2:I$740,(All_Detail!I$2:I$740>=TODAY()-WEEKDAY(TODAY(),2)+1)*(All_Detail!I$2:I$740<=TODAY()-WEEKDAY(TODAY(),2)+7)),1),6),"") -> Concourse D | C68: =IFERROR(INDEX(_xlfn.SORTBY(_xlfn._xlws.FILTER(All_Detail!D$2:D$740,(All_Detail!I$2:I$740>=TODAY()-WEEKDAY(TODAY(),2)+1)*(All_Detail!I$2:I$740<=TODAY()-WEEKDAY(TODAY(),2)+7)),_xlfn._xlws.FILTER(All_Detail!I$2:I$740,(All_Detail!I$2:I$740>=TODAY()-WEEKDAY(TODAY(),2)+1)*(All_Detail!I$2:I$740<=TODAY()-WEEKDAY(TODAY(),2)+7)),1),6),"") -> D2-094 | D68: =IFERROR(INDEX(_xlfn.SORTBY(_xlfn._xlws.FILTER(All_Detail!E$2:E$740,(All_Detail!I$2:I$740>=TODAY()-WEEKDAY(TODAY(),2)+1)*(All_Detail!I$2:I$740<=TODAY()-WEEKDAY(TODAY(),2)+7)),_xlfn._xlws.FILTER(All_Detail!I$2:I$740,(All_Detail!I$2:I$740>=TODAY()-WEEKDAY(TODAY(),2)+1)*(All_Detail!I$2:I$740<=TODAY()-WEEKDAY(TODAY(),2)+7)),1),6),"") -> Access Switch Type 4 | E68: =IFERROR(INDEX(_xlfn.SORTBY(_xlfn._xlws.FILTER(All_Detail!F$2:F$740,(All_Detail!I$2:I$740>=TODAY()-WEEKDAY(TODAY(),2)+1)*(All_Detail!I$2:I$740<=TODAY()-WEEKDAY(TODAY(),2)+7)),_xlfn._xlws.FILTER(All_Detail!I$2:I$740,(All_Detail!I$2:I$740>=TODAY()-WEEKDAY(TODAY(),2)+1)*(All_Detail!I$2:I$740<=TODAY()-WEEKDAY(TODAY(),2)+7)),1),6),"") -> 1 | F68: =IFERROR(INDEX(_xlfn.SORTBY(_xlfn._xlws.FILTER(All_Detail!I$2:I$740,(All_Detail!I$2:I$740>=TODAY()-WEEKDAY(TODAY(),2)+1)*(All_Detail!I$2:I$740<=TODAY()-WEEKDAY(TODAY(),2)+7)),_xlfn._xlws.FILTER(All_Detail!I$2:I$740,(All_Detail!I$2:I$740>=TODAY()-WEEKDAY(TODAY(),2)+1)*(All_Detail!I$2:I$740<=TODAY()-WEEKDAY(TODAY(),2)+7)),1),6),"") -> 46111 | G68: =IFERROR(INDEX(_xlfn.SORTBY(_xlfn._xlws.FILTER(All_Detail!J$2:J$740,(All_Detail!I$2:I$740>=TODAY()-WEEKDAY(TODAY(),2)+1)*(All_Detail!I$2:I$740<=TODAY()-WEEKDAY(TODAY(),2)+7)),_xlfn._xlws.FILTER(All_Detail!I$2:I$740,(All_Detail!I$2:I$740>=TODAY()-WEEKDAY(TODAY(),2)+1)*(All_Detail!I$2:I$740<=TODAY()-WEEKDAY(TODAY(),2)+7)),1),6),"") -> On Plan | H68: =IFERROR(INDEX(_xlfn.SORTBY(_xlfn._xlws.FILTER(All_Detail!P$2:P$740,(All_Detail!I$2:I$740>=TODAY()-WEEKDAY(TODAY(),2)+1)*(All_Detail!I$2:I$740<=TODAY()-WEEKDAY(TODAY(),2)+7)),_xlfn._xlws.FILTER(All_Detail!I$2:I$740,(All_Detail!I$2:I$740>=TODAY()-WEEKDAY(TODAY(),2)+1)*(All_Detail!I$2:I$740<=TODAY()-WEEKDAY(TODAY(),2)+7)),1),6),"") -> 0
A69: =IFERROR(INDEX(_xlfn.SORTBY(_xlfn._xlws.FILTER(All_Detail!B$2:B$740,(All_Detail!I$2:I$740>=TODAY()-WEEKDAY(TODAY(),2)+1)*(All_Detail!I$2:I$740<=TODAY()-WEEKDAY(TODAY(),2)+7)),_xlfn._xlws.FILTER(All_Detail!I$2:I$740,(All_Detail!I$2:I$740>=TODAY()-WEEKDAY(TODAY(),2)+1)*(All_Detail!I$2:I$740<=TODAY()-WEEKDAY(TODAY(),2)+7)),1),7),"") -> D1-041 | B69: =IFERROR(INDEX(_xlfn.SORTBY(_xlfn._xlws.FILTER(All_Detail!C$2:C$740,(All_Detail!I$2:I$740>=TODAY()-WEEKDAY(TODAY(),2)+1)*(All_Detail!I$2:I$740<=TODAY()-WEEKDAY(TODAY(),2)+7)),_xlfn._xlws.FILTER(All_Detail!I$2:I$740,(All_Detail!I$2:I$740>=TODAY()-WEEKDAY(TODAY(),2)+1)*(All_Detail!I$2:I$740<=TODAY()-WEEKDAY(TODAY(),2)+7)),1),7),"") -> Concourse D | C69: =IFERROR(INDEX(_xlfn.SORTBY(_xlfn._xlws.FILTER(All_Detail!D$2:D$740,(All_Detail!I$2:I$740>=TODAY()-WEEKDAY(TODAY(),2)+1)*(All_Detail!I$2:I$740<=TODAY()-WEEKDAY(TODAY(),2)+7)),_xlfn._xlws.FILTER(All_Detail!I$2:I$740,(All_Detail!I$2:I$740>=TODAY()-WEEKDAY(TODAY(),2)+1)*(All_Detail!I$2:I$740<=TODAY()-WEEKDAY(TODAY(),2)+7)),1),7),"") -> D2-094 | D69: =IFERROR(INDEX(_xlfn.SORTBY(_xlfn._xlws.FILTER(All_Detail!E$2:E$740,(All_Detail!I$2:I$740>=TODAY()-WEEKDAY(TODAY(),2)+1)*(All_Detail!I$2:I$740<=TODAY()-WEEKDAY(TODAY(),2)+7)),_xlfn._xlws.FILTER(All_Detail!I$2:I$740,(All_Detail!I$2:I$740>=TODAY()-WEEKDAY(TODAY(),2)+1)*(All_Detail!I$2:I$740<=TODAY()-WEEKDAY(TODAY(),2)+7)),1),7),"") -> Access Switch Type 2 | E69: =IFERROR(INDEX(_xlfn.SORTBY(_xlfn._xlws.FILTER(All_Detail!F$2:F$740,(All_Detail!I$2:I$740>=TODAY()-WEEKDAY(TODAY(),2)+1)*(All_Detail!I$2:I$740<=TODAY()-WEEKDAY(TODAY(),2)+7)),_xlfn._xlws.FILTER(All_Detail!I$2:I$740,(All_Detail!I$2:I$740>=TODAY()-WEEKDAY(TODAY(),2)+1)*(All_Detail!I$2:I$740<=TODAY()-WEEKDAY(TODAY(),2)+7)),1),7),"") -> 1 | F69: =IFERROR(INDEX(_xlfn.SORTBY(_xlfn._xlws.FILTER(All_Detail!I$2:I$740,(All_Detail!I$2:I$740>=TODAY()-WEEKDAY(TODAY(),2)+1)*(All_Detail!I$2:I$740<=TODAY()-WEEKDAY(TODAY(),2)+7)),_xlfn._xlws.FILTER(All_Detail!I$2:I$740,(All_Detail!I$2:I$740>=TODAY()-WEEKDAY(TODAY(),2)+1)*(All_Detail!I$2:I$740<=TODAY()-WEEKDAY(TODAY(),2)+7)),1),7),"") -> 46111 | G69: =IFERROR(INDEX(_xlfn.SORTBY(_xlfn._xlws.FILTER(All_Detail!J$2:J$740,(All_Detail!I$2:I$740>=TODAY()-WEEKDAY(TODAY(),2)+1)*(All_Detail!I$2:I$740<=TODAY()-WEEKDAY(TODAY(),2)+7)),_xlfn._xlws.FILTER(All_Detail!I$2:I$740,(All_Detail!I$2:I$740>=TODAY()-WEEKDAY(TODAY(),2)+1)*(All_Detail!I$2:I$740<=TODAY()-WEEKDAY(TODAY(),2)+7)),1),7),"") -> On Plan | H69: =IFERROR(INDEX(_xlfn.SORTBY(_xlfn._xlws.FILTER(All_Detail!P$2:P$740,(All_Detail!I$2:I$740>=TODAY()-WEEKDAY(TODAY(),2)+1)*(All_Detail!I$2:I$740<=TODAY()-WEEKDAY(TODAY(),2)+7)),_xlfn._xlws.FILTER(All_Detail!I$2:I$740,(All_Detail!I$2:I$740>=TODAY()-WEEKDAY(TODAY(),2)+1)*(All_Detail!I$2:I$740<=TODAY()-WEEKDAY(TODAY(),2)+7)),1),7),"") -> 0
A70: =IFERROR(INDEX(_xlfn.SORTBY(_xlfn._xlws.FILTER(All_Detail!B$2:B$740,(All_Detail!I$2:I$740>=TODAY()-WEEKDAY(TODAY(),2)+1)*(All_Detail!I$2:I$740<=TODAY()-WEEKDAY(TODAY(),2)+7)),_xlfn._xlws.FILTER(All_Detail!I$2:I$740,(All_Detail!I$2:I$740>=TODAY()-WEEKDAY(TODAY(),2)+1)*(All_Detail!I$2:I$740<=TODAY()-WEEKDAY(TODAY(),2)+7)),1),8),"") -> D1-041 | B70: =IFERROR(INDEX(_xlfn.SORTBY(_xlfn._xlws.FILTER(All_Detail!C$2:C$740,(All_Detail!I$2:I$740>=TODAY()-WEEKDAY(TODAY(),2)+1)*(All_Detail!I$2:I$740<=TODAY()-WEEKDAY(TODAY(),2)+7)),_xlfn._xlws.FILTER(All_Detail!I$2:I$740,(All_Detail!I$2:I$740>=TODAY()-WEEKDAY(TODAY(),2)+1)*(All_Detail!I$2:I$740<=TODAY()-WEEKDAY(TODAY(),2)+7)),1),8),"") -> Concourse D | C70: =IFERROR(INDEX(_xlfn.SORTBY(_xlfn._xlws.FILTER(All_Detail!D$2:D$740,(All_Detail!I$2:I$740>=TODAY()-WEEKDAY(TODAY(),2)+1)*(All_Detail!I$2:I$740<=TODAY()-WEEKDAY(TODAY(),2)+7)),_xlfn._xlws.FILTER(All_Detail!I$2:I$740,(All_Detail!I$2:I$740>=TODAY()-WEEKDAY(TODAY(),2)+1)*(All_Detail!I$2:I$740<=TODAY()-WEEKDAY(TODAY(),2)+7)),1),8),"") -> D2-105 | D70: =IFERROR(INDEX(_xlfn.SORTBY(_xlfn._xlws.FILTER(All_Detail!E$2:E$740,(All_Detail!I$2:I$740>=TODAY()-WEEKDAY(TODAY(),2)+1)*(All_Detail!I$2:I$740<=TODAY()-WEEKDAY(TODAY(),2)+7)),_xlfn._xlws.FILTER(All_Detail!I$2:I$740,(All_Detail!I$2:I$740>=TODAY()-WEEKDAY(TODAY(),2)+1)*(All_Detail!I$2:I$740<=TODAY()-WEEKDAY(TODAY(),2)+7)),1),8),"") -> Access Switch Type 4 | E70: =IFERROR(INDEX(_xlfn.SORTBY(_xlfn._xlws.FILTER(All_Detail!F$2:F$740,(All_Detail!I$2:I$740>=TODAY()-WEEKDAY(TODAY(),2)+1)*(All_Detail!I$2:I$740<=TODAY()-WEEKDAY(TODAY(),2)+7)),_xlfn._xlws.FILTER(All_Detail!I$2:I$740,(All_Detail!I$2:I$740>=TODAY()-WEEKDAY(TODAY(),2)+1)*(All_Detail!I$2:I$740<=TODAY()-WEEKDAY(TODAY(),2)+7)),1),8),"") -> 1 | F70: =IFERROR(INDEX(_xlfn.SORTBY(_xlfn._xlws.FILTER(All_Detail!I$2:I$740,(All_Detail!I$2:I$740>=TODAY()-WEEKDAY(TODAY(),2)+1)*(All_Detail!I$2:I$740<=TODAY()-WEEKDAY(TODAY(),2)+7)),_xlfn._xlws.FILTER(All_Detail!I$2:I$740,(All_Detail!I$2:I$740>=TODAY()-WEEKDAY(TODAY(),2)+1)*(All_Detail!I$2:I$740<=TODAY()-WEEKDAY(TODAY(),2)+7)),1),8),"") -> 46111 | G70: =IFERROR(INDEX(_xlfn.SORTBY(_xlfn._xlws.FILTER(All_Detail!J$2:J$740,(All_Detail!I$2:I$740>=TODAY()-WEEKDAY(TODAY(),2)+1)*(All_Detail!I$2:I$740<=TODAY()-WEEKDAY(TODAY(),2)+7)),_xlfn._xlws.FILTER(All_Detail!I$2:I$740,(All_Detail!I$2:I$740>=TODAY()-WEEKDAY(TODAY(),2)+1)*(All_Detail!I$2:I$740<=TODAY()-WEEKDAY(TODAY(),2)+7)),1),8),"") -> On Plan | H70: =IFERROR(INDEX(_xlfn.SORTBY(_xlfn._xlws.FILTER(All_Detail!P$2:P$740,(All_Detail!I$2:I$740>=TODAY()-WEEKDAY(TODAY(),2)+1)*(All_Detail!I$2:I$740<=TODAY()-WEEKDAY(TODAY(),2)+7)),_xlfn._xlws.FILTER(All_Detail!I$2:I$740,(All_Detail!I$2:I$740>=TODAY()-WEEKDAY(TODAY(),2)+1)*(All_Detail!I$2:I$740<=TODAY()-WEEKDAY(TODAY(),2)+7)),1),8),"") -> 0
A71: =IFERROR(INDEX(_xlfn.SORTBY(_xlfn._xlws.FILTER(All_Detail!B$2:B$740,(All_Detail!I$2:I$740>=TODAY()-WEEKDAY(TODAY(),2)+1)*(All_Detail!I$2:I$740<=TODAY()-WEEKDAY(TODAY(),2)+7)),_xlfn._xlws.FILTER(All_Detail!I$2:I$740,(All_Detail!I$2:I$740>=TODAY()-WEEKDAY(TODAY(),2)+1)*(All_Detail!I$2:I$740<=TODAY()-WEEKDAY(TODAY(),2)+7)),1),9),"") -> D1-041 | B71: =IFERROR(INDEX(_xlfn.SORTBY(_xlfn._xlws.FILTER(All_Detail!C$2:C$740,(All_Detail!I$2:I$740>=TODAY()-WEEKDAY(TODAY(),2)+1)*(All_Detail!I$2:I$740<=TODAY()-WEEKDAY(TODAY(),2)+7)),_xlfn._xlws.FILTER(All_Detail!I$2:I$740,(All_Detail!I$2:I$740>=TODAY()-WEEKDAY(TODAY(),2)+1)*(All_Detail!I$2:I$740<=TODAY()-WEEKDAY(TODAY(),2)+7)),1),9),"") -> Concourse D | C71: =IFERROR(INDEX(_xlfn.SORTBY(_xlfn._xlws.FILTER(All_Detail!D$2:D$740,(All_Detail!I$2:I$740>=TODAY()-WEEKDAY(TODAY(),2)+1)*(All_Detail!I$2:I$740<=TODAY()-WEEKDAY(TODAY(),2)+7)),_xlfn._xlws.FILTER(All_Detail!I$2:I$740,(All_Detail!I$2:I$740>=TODAY()-WEEKDAY(TODAY(),2)+1)*(All_Detail!I$2:I$740<=TODAY()-WEEKDAY(TODAY(),2)+7)),1),9),"") -> D2-105 | D71: =IFERROR(INDEX(_xlfn.SORTBY(_xlfn._xlws.FILTER(All_Detail!E$2:E$740,(All_Detail!I$2:I$740>=TODAY()-WEEKDAY(TODAY(),2)+1)*(All_Detail!I$2:I$740<=TODAY()-WEEKDAY(TODAY(),2)+7)),_xlfn._xlws.FILTER(All_Detail!I$2:I$740,(All_Detail!I$2:I$740>=TODAY()-WEEKDAY(TODAY(),2)+1)*(All_Detail!I$2:I$740<=TODAY()-WEEKDAY(TODAY(),2)+7)),1),9),"") -> Access Switch Type 2 | E71: =IFERROR(INDEX(_xlfn.SORTBY(_xlfn._xlws.FILTER(All_Detail!F$2:F$740,(All_Detail!I$2:I$740>=TODAY()-WEEKDAY(TODAY(),2)+1)*(All_Detail!I$2:I$740<=TODAY()-WEEKDAY(TODAY(),2)+7)),_xlfn._xlws.FILTER(All_Detail!I$2:I$740,(All_Detail!I$2:I$740>=TODAY()-WEEKDAY(TODAY(),2)+1)*(All_Detail!I$2:I$740<=TODAY()-WEEKDAY(TODAY(),2)+7)),1),9),"") -> 2 | F71: =IFERROR(INDEX(_xlfn.SORTBY(_xlfn._xlws.FILTER(All_Detail!I$2:I$740,(All_Detail!I$2:I$740>=TODAY()-WEEKDAY(TODAY(),2)+1)*(All_Detail!I$2:I$740<=TODAY()-WEEKDAY(TODAY(),2)+7)),_xlfn._xlws.FILTER(All_Detail!I$2:I$740,(All_Detail!I$2:I$740>=TODAY()-WEEKDAY(TODAY(),2)+1)*(All_Detail!I$2:I$740<=TODAY()-WEEKDAY(TODAY(),2)+7)),1),9),"") -> 46111 | G71: =IFERROR(INDEX(_xlfn.SORTBY(_xlfn._xlws.FILTER(All_Detail!J$2:J$740,(All_Detail!I$2:I$740>=TODAY()-WEEKDAY(TODAY(),2)+1)*(All_Detail!I$2:I$740<=TODAY()-WEEKDAY(TODAY(),2)+7)),_xlfn._xlws.FILTER(All_Detail!I$2:I$740,(All_Detail!I$2:I$740>=TODAY()-WEEKDAY(TODAY(),2)+1)*(All_Detail!I$2:I$740<=TODAY()-WEEKDAY(TODAY(),2)+7)),1),9),"") -> On Plan | H71: =IFERROR(INDEX(_xlfn.SORTBY(_xlfn._xlws.FILTER(All_Detail!P$2:P$740,(All_Detail!I$2:I$740>=TODAY()-WEEKDAY(TODAY(),2)+1)*(All_Detail!I$2:I$740<=TODAY()-WEEKDAY(TODAY(),2)+7)),_xlfn._xlws.FILTER(All_Detail!I$2:I$740,(All_Detail!I$2:I$740>=TODAY()-WEEKDAY(TODAY(),2)+1)*(All_Detail!I$2:I$740<=TODAY()-WEEKDAY(TODAY(),2)+7)),1),9),"") -> 0
A72: =IFERROR(INDEX(_xlfn.SORTBY(_xlfn._xlws.FILTER(All_Detail!B$2:B$740,(All_Detail!I$2:I$740>=TODAY()-WEEKDAY(TODAY(),2)+1)*(All_Detail!I$2:I$740<=TODAY()-WEEKDAY(TODAY(),2)+7)),_xlfn._xlws.FILTER(All_Detail!I$2:I$740,(All_Detail!I$2:I$740>=TODAY()-WEEKDAY(TODAY(),2)+1)*(All_Detail!I$2:I$740<=TODAY()-WEEKDAY(TODAY(),2)+7)),1),10),"") -> D1-041 | B72: =IFERROR(INDEX(_xlfn.SORTBY(_xlfn._xlws.FILTER(All_Detail!C$2:C$740,(All_Detail!I$2:I$740>=TODAY()-WEEKDAY(TODAY(),2)+1)*(All_Detail!I$2:I$740<=TODAY()-WEEKDAY(TODAY(),2)+7)),_xlfn._xlws.FILTER(All_Detail!I$2:I$740,(All_Detail!I$2:I$740>=TODAY()-WEEKDAY(TODAY(),2)+1)*(All_Detail!I$2:I$740<=TODAY()-WEEKDAY(TODAY(),2)+7)),1),10),"") -> Concourse D | C72: =IFERROR(INDEX(_xlfn.SORTBY(_xlfn._xlws.FILTER(All_Detail!D$2:D$740,(All_Detail!I$2:I$740>=TODAY()-WEEKDAY(TODAY(),2)+1)*(All_Detail!I$2:I$740<=TODAY()-WEEKDAY(TODAY(),2)+7)),_xlfn._xlws.FILTER(All_Detail!I$2:I$740,(All_Detail!I$2:I$740>=TODAY()-WEEKDAY(TODAY(),2)+1)*(All_Detail!I$2:I$740<=TODAY()-WEEKDAY(TODAY(),2)+7)),1),10),"") -> D3-031 | D72: =IFERROR(INDEX(_xlfn.SORTBY(_xlfn._xlws.FILTER(All_Detail!E$2:E$740,(All_Detail!I$2:I$740>=TODAY()-WEEKDAY(TODAY(),2)+1)*(All_Detail!I$2:I$740<=TODAY()-WEEKDAY(TODAY(),2)+7)),_xlfn._xlws.FILTER(All_Detail!I$2:I$740,(All_Detail!I$2:I$740>=TODAY()-WEEKDAY(TODAY(),2)+1)*(All_Detail!I$2:I$740<=TODAY()-WEEKDAY(TODAY(),2)+7)),1),10),"") -> Access Switch Type 4 | E72: =IFERROR(INDEX(_xlfn.SORTBY(_xlfn._xlws.FILTER(All_Detail!F$2:F$740,(All_Detail!I$2:I$740>=TODAY()-WEEKDAY(TODAY(),2)+1)*(All_Detail!I$2:I$740<=TODAY()-WEEKDAY(TODAY(),2)+7)),_xlfn._xlws.FILTER(All_Detail!I$2:I$740,(All_Detail!I$2:I$740>=TODAY()-WEEKDAY(TODAY(),2)+1)*(All_Detail!I$2:I$740<=TODAY()-WEEKDAY(TODAY(),2)+7)),1),10),"") -> 2 | F72: =IFERROR(INDEX(_xlfn.SORTBY(_xlfn._xlws.FILTER(All_Detail!I$2:I$740,(All_Detail!I$2:I$740>=TODAY()-WEEKDAY(TODAY(),2)+1)*(All_Detail!I$2:I$740<=TODAY()-WEEKDAY(TODAY(),2)+7)),_xlfn._xlws.FILTER(All_Detail!I$2:I$740,(All_Detail!I$2:I$740>=TODAY()-WEEKDAY(TODAY(),2)+1)*(All_Detail!I$2:I$740<=TODAY()-WEEKDAY(TODAY(),2)+7)),1),10),"") -> 46111 | G72: =IFERROR(INDEX(_xlfn.SORTBY(_xlfn._xlws.FILTER(All_Detail!J$2:J$740,(All_Detail!I$2:I$740>=TODAY()-WEEKDAY(TODAY(),2)+1)*(All_Detail!I$2:I$740<=TODAY()-WEEKDAY(TODAY(),2)+7)),_xlfn._xlws.FILTER(All_Detail!I$2:I$740,(All_Detail!I$2:I$740>=TODAY()-WEEKDAY(TODAY(),2)+1)*(All_Detail!I$2:I$740<=TODAY()-WEEKDAY(TODAY(),2)+7)),1),10),"") -> On Plan | H72: =IFERROR(INDEX(_xlfn.SORTBY(_xlfn._xlws.FILTER(All_Detail!P$2:P$740,(All_Detail!I$2:I$740>=TODAY()-WEEKDAY(TODAY(),2)+1)*(All_Detail!I$2:I$740<=TODAY()-WEEKDAY(TODAY(),2)+7)),_xlfn._xlws.FILTER(All_Detail!I$2:I$740,(All_Detail!I$2:I$740>=TODAY()-WEEKDAY(TODAY(),2)+1)*(All_Detail!I$2:I$740<=TODAY()-WEEKDAY(TODAY(),2)+7)),1),10),"") -> 0
A73: =IFERROR(INDEX(_xlfn.SORTBY(_xlfn._xlws.FILTER(All_Detail!B$2:B$740,(All_Detail!I$2:I$740>=TODAY()-WEEKDAY(TODAY(),2)+1)*(All_Detail!I$2:I$740<=TODAY()-WEEKDAY(TODAY(),2)+7)),_xlfn._xlws.FILTER(All_Detail!I$2:I$740,(All_Detail!I$2:I$740>=TODAY()-WEEKDAY(TODAY(),2)+1)*(All_Detail!I$2:I$740<=TODAY()-WEEKDAY(TODAY(),2)+7)),1),11),"") -> D1-041 | B73: =IFERROR(INDEX(_xlfn.SORTBY(_xlfn._xlws.FILTER(All_Detail!C$2:C$740,(All_Detail!I$2:I$740>=TODAY()-WEEKDAY(TODAY(),2)+1)*(All_Detail!I$2:I$740<=TODAY()-WEEKDAY(TODAY(),2)+7)),_xlfn._xlws.FILTER(All_Detail!I$2:I$740,(All_Detail!I$2:I$740>=TODAY()-WEEKDAY(TODAY(),2)+1)*(All_Detail!I$2:I$740<=TODAY()-WEEKDAY(TODAY(),2)+7)),1),11),"") -> Concourse D | C73: =IFERROR(INDEX(_xlfn.SORTBY(_xlfn._xlws.FILTER(All_Detail!D$2:D$740,(All_Detail!I$2:I$740>=TODAY()-WEEKDAY(TODAY(),2)+1)*(All_Detail!I$2:I$740<=TODAY()-WEEKDAY(TODAY(),2)+7)),_xlfn._xlws.FILTER(All_Detail!I$2:I$740,(All_Detail!I$2:I$740>=TODAY()-WEEKDAY(TODAY(),2)+1)*(All_Detail!I$2:I$740<=TODAY()-WEEKDAY(TODAY(),2)+7)),1),11),"") -> D3-031 | D73: =IFERROR(INDEX(_xlfn.SORTBY(_xlfn._xlws.FILTER(All_Detail!E$2:E$740,(All_Detail!I$2:I$740>=TODAY()-WEEKDAY(TODAY(),2)+1)*(All_Detail!I$2:I$740<=TODAY()-WEEKDAY(TODAY(),2)+7)),_xlfn._xlws.FILTER(All_Detail!I$2:I$740,(All_Detail!I$2:I$740>=TODAY()-WEEKDAY(TODAY(),2)+1)*(All_Detail!I$2:I$740<=TODAY()-WEEKDAY(TODAY(),2)+7)),1),11),"") -> Access Switch Type 2 | E73: =IFERROR(INDEX(_xlfn.SORTBY(_xlfn._xlws.FILTER(All_Detail!F$2:F$740,(All_Detail!I$2:I$740>=TODAY()-WEEKDAY(TODAY(),2)+1)*(All_Detail!I$2:I$740<=TODAY()-WEEKDAY(TODAY(),2)+7)),_xlfn._xlws.FILTER(All_Detail!I$2:I$740,(All_Detail!I$2:I$740>=TODAY()-WEEKDAY(TODAY(),2)+1)*(All_Detail!I$2:I$740<=TODAY()-WEEKDAY(TODAY(),2)+7)),1),11),"") -> 2 | F73: =IFERROR(INDEX(_xlfn.SORTBY(_xlfn._xlws.FILTER(All_Detail!I$2:I$740,(All_Detail!I$2:I$740>=TODAY()-WEEKDAY(TODAY(),2)+1)*(All_Detail!I$2:I$740<=TODAY()-WEEKDAY(TODAY(),2)+7)),_xlfn._xlws.FILTER(All_Detail!I$2:I$740,(All_Detail!I$2:I$740>=TODAY()-WEEKDAY(TODAY(),2)+1)*(All_Detail!I$2:I$740<=TODAY()-WEEKDAY(TODAY(),2)+7)),1),11),"") -> 46111 | G73: =IFERROR(INDEX(_xlfn.SORTBY(_xlfn._xlws.FILTER(All_Detail!J$2:J$740,(All_Detail!I$2:I$740>=TODAY()-WEEKDAY(TODAY(),2)+1)*(All_Detail!I$2:I$740<=TODAY()-WEEKDAY(TODAY(),2)+7)),_xlfn._xlws.FILTER(All_Detail!I$2:I$740,(All_Detail!I$2:I$740>=TODAY()-WEEKDAY(TODAY(),2)+1)*(All_Detail!I$2:I$740<=TODAY()-WEEKDAY(TODAY(),2)+7)),1),11),"") -> On Plan | H73: =IFERROR(INDEX(_xlfn.SORTBY(_xlfn._xlws.FILTER(All_Detail!P$2:P$740,(All_Detail!I$2:I$740>=TODAY()-WEEKDAY(TODAY(),2)+1)*(All_Detail!I$2:I$740<=TODAY()-WEEKDAY(TODAY(),2)+7)),_xlfn._xlws.FILTER(All_Detail!I$2:I$740,(All_Detail!I$2:I$740>=TODAY()-WEEKDAY(TODAY(),2)+1)*(All_Detail!I$2:I$740<=TODAY()-WEEKDAY(TODAY(),2)+7)),1),11),"") -> 0
A74: =IFERROR(INDEX(_xlfn.SORTBY(_xlfn._xlws.FILTER(All_Detail!B$2:B$740,(All_Detail!I$2:I$740>=TODAY()-WEEKDAY(TODAY(),2)+1)*(All_Detail!I$2:I$740<=TODAY()-WEEKDAY(TODAY(),2)+7)),_xlfn._xlws.FILTER(All_Detail!I$2:I$740,(All_Detail!I$2:I$740>=TODAY()-WEEKDAY(TODAY(),2)+1)*(All_Detail!I$2:I$740<=TODAY()-WEEKDAY(TODAY(),2)+7)),1),12),"") -> D1-041 | B74: =IFERROR(INDEX(_xlfn.SORTBY(_xlfn._xlws.FILTER(All_Detail!C$2:C$740,(All_Detail!I$2:I$740>=TODAY()-WEEKDAY(TODAY(),2)+1)*(All_Detail!I$2:I$740<=TODAY()-WEEKDAY(TODAY(),2)+7)),_xlfn._xlws.FILTER(All_Detail!I$2:I$740,(All_Detail!I$2:I$740>=TODAY()-WEEKDAY(TODAY(),2)+1)*(All_Detail!I$2:I$740<=TODAY()-WEEKDAY(TODAY(),2)+7)),1),12),"") -> Concourse D | C74: =IFERROR(INDEX(_xlfn.SORTBY(_xlfn._xlws.FILTER(All_Detail!D$2:D$740,(All_Detail!I$2:I$740>=TODAY()-WEEKDAY(TODAY(),2)+1)*(All_Detail!I$2:I$740<=TODAY()-WEEKDAY(TODAY(),2)+7)),_xlfn._xlws.FILTER(All_Detail!I$2:I$740,(All_Detail!I$2:I$740>=TODAY()-WEEKDAY(TODAY(),2)+1)*(All_Detail!I$2:I$740<=TODAY()-WEEKDAY(TODAY(),2)+7)),1),12),"") -> D4-009 | D74: =IFERROR(INDEX(_xlfn.SORTBY(_xlfn._xlws.FILTER(All_Detail!E$2:E$740,(All_Detail!I$2:I$740>=TODAY()-WEEKDAY(TODAY(),2)+1)*(All_Detail!I$2:I$740<=TODAY()-WEEKDAY(TODAY(),2)+7)),_xlfn._xlws.FILTER(All_Detail!I$2:I$740,(All_Detail!I$2:I$740>=TODAY()-WEEKDAY(TODAY(),2)+1)*(All_Detail!I$2:I$740<=TODAY()-WEEKDAY(TODAY(),2)+7)),1),12),"") -> Access Switch Type 4 | E74: =IFERROR(INDEX(_xlfn.SORTBY(_xlfn._xlws.FILTER(All_Detail!F$2:F$740,(All_Detail!I$2:I$740>=TODAY()-WEEKDAY(TODAY(),2)+1)*(All_Detail!I$2:I$740<=TODAY()-WEEKDAY(TODAY(),2)+7)),_xlfn._xlws.FILTER(All_Detail!I$2:I$740,(All_Detail!I$2:I$740>=TODAY()-WEEKDAY(TODAY(),2)+1)*(All_Detail!I$2:I$740<=TODAY()-WEEKDAY(TODAY(),2)+7)),1),12),"") -> 1 | F74: =IFERROR(INDEX(_xlfn.SORTBY(_xlfn._xlws.FILTER(All_Detail!I$2:I$740,(All_Detail!I$2:I$740>=TODAY()-WEEKDAY(TODAY(),2)+1)*(All_Detail!I$2:I$740<=TODAY()-WEEKDAY(TODAY(),2)+7)),_xlfn._xlws.FILTER(All_Detail!I$2:I$740,(All_Detail!I$2:I$740>=TODAY()-WEEKDAY(TODAY(),2)+1)*(All_Detail!I$2:I$740<=TODAY()-WEEKDAY(TODAY(),2)+7)),1),12),"") -> 46112 | G74: =IFERROR(INDEX(_xlfn.SORTBY(_xlfn._xlws.FILTER(All_Detail!J$2:J$740,(All_Detail!I$2:I$740>=TODAY()-WEEKDAY(TODAY(),2)+1)*(All_Detail!I$2:I$740<=TODAY()-WEEKDAY(TODAY(),2)+7)),_xlfn._xlws.FILTER(All_Detail!I$2:I$740,(All_Detail!I$2:I$740>=TODAY()-WEEKDAY(TODAY(),2)+1)*(All_Detail!I$2:I$740<=TODAY()-WEEKDAY(TODAY(),2)+7)),1),12),"") -> Success | H74: =IFERROR(INDEX(_xlfn.SORTBY(_xlfn._xlws.FILTER(All_Detail!P$2:P$740,(All_Detail!I$2:I$740>=TODAY()-WEEKDAY(TODAY(),2)+1)*(All_Detail!I$2:I$740<=TODAY()-WEEKDAY(TODAY(),2)+7)),_xlfn._xlws.FILTER(All_Detail!I$2:I$740,(All_Detail!I$2:I$740>=TODAY()-WEEKDAY(TODAY(),2)+1)*(All_Detail!I$2:I$740<=TODAY()-WEEKDAY(TODAY(),2)+7)),1),12),"") -> 0
A75: =IFERROR(INDEX(_xlfn.SORTBY(_xlfn._xlws.FILTER(All_Detail!B$2:B$740,(All_Detail!I$2:I$740>=TODAY()-WEEKDAY(TODAY(),2)+1)*(All_Detail!I$2:I$740<=TODAY()-WEEKDAY(TODAY(),2)+7)),_xlfn._xlws.FILTER(All_Detail!I$2:I$740,(All_Detail!I$2:I$740>=TODAY()-WEEKDAY(TODAY(),2)+1)*(All_Detail!I$2:I$740<=TODAY()-WEEKDAY(TODAY(),2)+7)),1),13),"") -> D1-041 | B75: =IFERROR(INDEX(_xlfn.SORTBY(_xlfn._xlws.FILTER(All_Detail!C$2:C$740,(All_Detail!I$2:I$740>=TODAY()-WEEKDAY(TODAY(),2)+1)*(All_Detail!I$2:I$740<=TODAY()-WEEKDAY(TODAY(),2)+7)),_xlfn._xlws.FILTER(All_Detail!I$2:I$740,(All_Detail!I$2:I$740>=TODAY()-WEEKDAY(TODAY(),2)+1)*(All_Detail!I$2:I$740<=TODAY()-WEEKDAY(TODAY(),2)+7)),1),13),"") -> Concourse D | C75: =IFERROR(INDEX(_xlfn.SORTBY(_xlfn._xlws.FILTER(All_Detail!D$2:D$740,(All_Detail!I$2:I$740>=TODAY()-WEEKDAY(TODAY(),2)+1)*(All_Detail!I$2:I$740<=TODAY()-WEEKDAY(TODAY(),2)+7)),_xlfn._xlws.FILTER(All_Detail!I$2:I$740,(All_Detail!I$2:I$740>=TODAY()-WEEKDAY(TODAY(),2)+1)*(All_Detail!I$2:I$740<=TODAY()-WEEKDAY(TODAY(),2)+7)),1),13),"") -> D4-009 | D75: =IFERROR(INDEX(_xlfn.SORTBY(_xlfn._xlws.FILTER(All_Detail!E$2:E$740,(All_Detail!I$2:I$740>=TODAY()-WEEKDAY(TODAY(),2)+1)*(All_Detail!I$2:I$740<=TODAY()-WEEKDAY(TODAY(),2)+7)),_xlfn._xlws.FILTER(All_Detail!I$2:I$740,(All_Detail!I$2:I$740>=TODAY()-WEEKDAY(TODAY(),2)+1)*(All_Detail!I$2:I$740<=TODAY()-WEEKDAY(TODAY(),2)+7)),1),13),"") -> Access Switch Type 2 | E75: =IFERROR(INDEX(_xlfn.SORTBY(_xlfn._xlws.FILTER(All_Detail!F$2:F$740,(All_Detail!I$2:I$740>=TODAY()-WEEKDAY(TODAY(),2)+1)*(All_Detail!I$2:I$740<=TODAY()-WEEKDAY(TODAY(),2)+7)),_xlfn._xlws.FILTER(All_Detail!I$2:I$740,(All_Detail!I$2:I$740>=TODAY()-WEEKDAY(TODAY(),2)+1)*(All_Detail!I$2:I$740<=TODAY()-WEEKDAY(TODAY(),2)+7)),1),13),"") -> 1 | F75: =IFERROR(INDEX(_xlfn.SORTBY(_xlfn._xlws.FILTER(All_Detail!I$2:I$740,(All_Detail!I$2:I$740>=TODAY()-WEEKDAY(TODAY(),2)+1)*(All_Detail!I$2:I$740<=TODAY()-WEEKDAY(TODAY(),2)+7)),_xlfn._xlws.FILTER(All_Detail!I$2:I$740,(All_Detail!I$2:I$740>=TODAY()-WEEKDAY(TODAY(),2)+1)*(All_Detail!I$2:I$740<=TODAY()-WEEKDAY(TODAY(),2)+7)),1),13),"") -> 46112 | G75: =IFERROR(INDEX(_xlfn.SORTBY(_xlfn._xlws.FILTER(All_Detail!J$2:J$740,(All_Detail!I$2:I$740>=TODAY()-WEEKDAY(TODAY(),2)+1)*(All_Detail!I$2:I$740<=TODAY()-WEEKDAY(TODAY(),2)+7)),_xlfn._xlws.FILTER(All_Detail!I$2:I$740,(All_Detail!I$2:I$740>=TODAY()-WEEKDAY(TODAY(),2)+1)*(All_Detail!I$2:I$740<=TODAY()-WEEKDAY(TODAY(),2)+7)),1),13),"") -> Success | H75: =IFERROR(INDEX(_xlfn.SORTBY(_xlfn._xlws.FILTER(All_Detail!P$2:P$740,(All_Detail!I$2:I$740>=TODAY()-WEEKDAY(TODAY(),2)+1)*(All_Detail!I$2:I$740<=TODAY()-WEEKDAY(TODAY(),2)+7)),_xlfn._xlws.FILTER(All_Detail!I$2:I$740,(All_Detail!I$2:I$740>=TODAY()-WEEKDAY(TODAY(),2)+1)*(All_Detail!I$2:I$740<=TODAY()-WEEKDAY(TODAY(),2)+7)),1),13),"") -> 0
A76: =IFERROR(INDEX(_xlfn.SORTBY(_xlfn._xlws.FILTER(All_Detail!B$2:B$740,(All_Detail!I$2:I$740>=TODAY()-WEEKDAY(TODAY(),2)+1)*(All_Detail!I$2:I$740<=TODAY()-WEEKDAY(TODAY(),2)+7)),_xlfn._xlws.FILTER(All_Detail!I$2:I$740,(All_Detail!I$2:I$740>=TODAY()-WEEKDAY(TODAY(),2)+1)*(All_Detail!I$2:I$740<=TODAY()-WEEKDAY(TODAY(),2)+7)),1),14),"") -> D1-041 | B76: =IFERROR(INDEX(_xlfn.SORTBY(_xlfn._xlws.FILTER(All_Detail!C$2:C$740,(All_Detail!I$2:I$740>=TODAY()-WEEKDAY(TODAY(),2)+1)*(All_Detail!I$2:I$740<=TODAY()-WEEKDAY(TODAY(),2)+7)),_xlfn._xlws.FILTER(All_Detail!I$2:I$740,(All_Detail!I$2:I$740>=TODAY()-WEEKDAY(TODAY(),2)+1)*(All_Detail!I$2:I$740<=TODAY()-WEEKDAY(TODAY(),2)+7)),1),14),"") -> Concourse D | C76: =IFERROR(INDEX(_xlfn.SORTBY(_xlfn._xlws.FILTER(All_Detail!D$2:D$740,(All_Detail!I$2:I$740>=TODAY()-WEEKDAY(TODAY(),2)+1)*(All_Detail!I$2:I$740<=TODAY()-WEEKDAY(TODAY(),2)+7)),_xlfn._xlws.FILTER(All_Detail!I$2:I$740,(All_Detail!I$2:I$740>=TODAY()-WEEKDAY(TODAY(),2)+1)*(All_Detail!I$2:I$740<=TODAY()-WEEKDAY(TODAY(),2)+7)),1),14),"") -> D4-074 | D76: =IFERROR(INDEX(_xlfn.SORTBY(_xlfn._xlws.FILTER(All_Detail!E$2:E$740,(All_Detail!I$2:I$740>=TODAY()-WEEKDAY(TODAY(),2)+1)*(All_Detail!I$2:I$740<=TODAY()-WEEKDAY(TODAY(),2)+7)),_xlfn._xlws.FILTER(All_Detail!I$2:I$740,(All_Detail!I$2:I$740>=TODAY()-WEEKDAY(TODAY(),2)+1)*(All_Detail!I$2:I$740<=TODAY()-WEEKDAY(TODAY(),2)+7)),1),14),"") -> Access Switch Type 2 | E76: =IFERROR(INDEX(_xlfn.SORTBY(_xlfn._xlws.FILTER(All_Detail!F$2:F$740,(All_Detail!I$2:I$740>=TODAY()-WEEKDAY(TODAY(),2)+1)*(All_Detail!I$2:I$740<=TODAY()-WEEKDAY(TODAY(),2)+7)),_xlfn._xlws.FILTER(All_Detail!I$2:I$740,(All_Detail!I$2:I$740>=TODAY()-WEEKDAY(TODAY(),2)+1)*(All_Detail!I$2:I$740<=TODAY()-WEEKDAY(TODAY(),2)+7)),1),14),"") -> 1 | F76: =IFERROR(INDEX(_xlfn.SORTBY(_xlfn._xlws.FILTER(All_Detail!I$2:I$740,(All_Detail!I$2:I$740>=TODAY()-WEEKDAY(TODAY(),2)+1)*(All_Detail!I$2:I$740<=TODAY()-WEEKDAY(TODAY(),2)+7)),_xlfn._xlws.FILTER(All_Detail!I$2:I$740,(All_Detail!I$2:I$740>=TODAY()-WEEKDAY(TODAY(),2)+1)*(All_Detail!I$2:I$740<=TODAY()-WEEKDAY(TODAY(),2)+7)),1),14),"") -> 46112 | G76: =IFERROR(INDEX(_xlfn.SORTBY(_xlfn._xlws.FILTER(All_Detail!J$2:J$740,(All_Detail!I$2:I$740>=TODAY()-WEEKDAY(TODAY(),2)+1)*(All_Detail!I$2:I$740<=TODAY()-WEEKDAY(TODAY(),2)+7)),_xlfn._xlws.FILTER(All_Detail!I$2:I$740,(All_Detail!I$2:I$740>=TODAY()-WEEKDAY(TODAY(),2)+1)*(All_Detail!I$2:I$740<=TODAY()-WEEKDAY(TODAY(),2)+7)),1),14),"") -> Success | H76: =IFERROR(INDEX(_xlfn.SORTBY(_xlfn._xlws.FILTER(All_Detail!P$2:P$740,(All_Detail!I$2:I$740>=TODAY()-WEEKDAY(TODAY(),2)+1)*(All_Detail!I$2:I$740<=TODAY()-WEEKDAY(TODAY(),2)+7)),_xlfn._xlws.FILTER(All_Detail!I$2:I$740,(All_Detail!I$2:I$740>=TODAY()-WEEKDAY(TODAY(),2)+1)*(All_Detail!I$2:I$740<=TODAY()-WEEKDAY(TODAY(),2)+7)),1),14),"") -> 0
A77: =IFERROR(INDEX(_xlfn.SORTBY(_xlfn._xlws.FILTER(All_Detail!B$2:B$740,(All_Detail!I$2:I$740>=TODAY()-WEEKDAY(TODAY(),2)+1)*(All_Detail!I$2:I$740<=TODAY()-WEEKDAY(TODAY(),2)+7)),_xlfn._xlws.FILTER(All_Detail!I$2:I$740,(All_Detail!I$2:I$740>=TODAY()-WEEKDAY(TODAY(),2)+1)*(All_Detail!I$2:I$740<=TODAY()-WEEKDAY(TODAY(),2)+7)),1),15),"") -> D1-041 | B77: =IFERROR(INDEX(_xlfn.SORTBY(_xlfn._xlws.FILTER(All_Detail!C$2:C$740,(All_Detail!I$2:I$740>=TODAY()-WEEKDAY(TODAY(),2)+1)*(All_Detail!I$2:I$740<=TODAY()-WEEKDAY(TODAY(),2)+7)),_xlfn._xlws.FILTER(All_Detail!I$2:I$740,(All_Detail!I$2:I$740>=TODAY()-WEEKDAY(TODAY(),2)+1)*(All_Detail!I$2:I$740<=TODAY()-WEEKDAY(TODAY(),2)+7)),1),15),"") -> Concourse D | C77: =IFERROR(INDEX(_xlfn.SORTBY(_xlfn._xlws.FILTER(All_Detail!D$2:D$740,(All_Detail!I$2:I$740>=TODAY()-WEEKDAY(TODAY(),2)+1)*(All_Detail!I$2:I$740<=TODAY()-WEEKDAY(TODAY(),2)+7)),_xlfn._xlws.FILTER(All_Detail!I$2:I$740,(All_Detail!I$2:I$740>=TODAY()-WEEKDAY(TODAY(),2)+1)*(All_Detail!I$2:I$740<=TODAY()-WEEKDAY(TODAY(),2)+7)),1),15),"") -> D4-081 | D77: =IFERROR(INDEX(_xlfn.SORTBY(_xlfn._xlws.FILTER(All_Detail!E$2:E$740,(All_Detail!I$2:I$740>=TODAY()-WEEKDAY(TODAY(),2)+1)*(All_Detail!I$2:I$740<=TODAY()-WEEKDAY(TODAY(),2)+7)),_xlfn._xlws.FILTER(All_Detail!I$2:I$740,(All_Detail!I$2:I$740>=TODAY()-WEEKDAY(TODAY(),2)+1)*(All_Detail!I$2:I$740<=TODAY()-WEEKDAY(TODAY(),2)+7)),1),15),"") -> Access Switch Type 2 | E77: =IFERROR(INDEX(_xlfn.SORTBY(_xlfn._xlws.FILTER(All_Detail!F$2:F$740,(All_Detail!I$2:I$740>=TODAY()-WEEKDAY(TODAY(),2)+1)*(All_Detail!I$2:I$740<=TODAY()-WEEKDAY(TODAY(),2)+7)),_xlfn._xlws.FILTER(All_Detail!I$2:I$740,(All_Detail!I$2:I$740>=TODAY()-WEEKDAY(TODAY(),2)+1)*(All_Detail!I$2:I$740<=TODAY()-WEEKDAY(TODAY(),2)+7)),1),15),"") -> 1 | F77: =IFERROR(INDEX(_xlfn.SORTBY(_xlfn._xlws.FILTER(All_Detail!I$2:I$740,(All_Detail!I$2:I$740>=TODAY()-WEEKDAY(TODAY(),2)+1)*(All_Detail!I$2:I$740<=TODAY()-WEEKDAY(TODAY(),2)+7)),_xlfn._xlws.FILTER(All_Detail!I$2:I$740,(All_Detail!I$2:I$740>=TODAY()-WEEKDAY(TODAY(),2)+1)*(All_Detail!I$2:I$740<=TODAY()-WEEKDAY(TODAY(),2)+7)),1),15),"") -> 46112 | G77: =IFERROR(INDEX(_xlfn.SORTBY(_xlfn._xlws.FILTER(All_Detail!J$2:J$740,(All_Detail!I$2:I$740>=TODAY()-WEEKDAY(TODAY(),2)+1)*(All_Detail!I$2:I$740<=TODAY()-WEEKDAY(TODAY(),2)+7)),_xlfn._xlws.FILTER(All_Detail!I$2:I$740,(All_Detail!I$2:I$740>=TODAY()-WEEKDAY(TODAY(),2)+1)*(All_Detail!I$2:I$740<=TODAY()-WEEKDAY(TODAY(),2)+7)),1),15),"") -> Success | H77: =IFERROR(INDEX(_xlfn.SORTBY(_xlfn._xlws.FILTER(All_Detail!P$2:P$740,(All_Detail!I$2:I$740>=TODAY()-WEEKDAY(TODAY(),2)+1)*(All_Detail!I$2:I$740<=TODAY()-WEEKDAY(TODAY(),2)+7)),_xlfn._xlws.FILTER(All_Detail!I$2:I$740,(All_Detail!I$2:I$740>=TODAY()-WEEKDAY(TODAY(),2)+1)*(All_Detail!I$2:I$740<=TODAY()-WEEKDAY(TODAY(),2)+7)),1),15),"") -> 0
A78: =IFERROR(INDEX(_xlfn.SORTBY(_xlfn._xlws.FILTER(All_Detail!B$2:B$740,(All_Detail!I$2:I$740>=TODAY()-WEEKDAY(TODAY(),2)+1)*(All_Detail!I$2:I$740<=TODAY()-WEEKDAY(TODAY(),2)+7)),_xlfn._xlws.FILTER(All_Detail!I$2:I$740,(All_Detail!I$2:I$740>=TODAY()-WEEKDAY(TODAY(),2)+1)*(All_Detail!I$2:I$740<=TODAY()-WEEKDAY(TODAY(),2)+7)),1),16),"") -> D1-041 | B78: =IFERROR(INDEX(_xlfn.SORTBY(_xlfn._xlws.FILTER(All_Detail!C$2:C$740,(All_Detail!I$2:I$740>=TODAY()-WEEKDAY(TODAY(),2)+1)*(All_Detail!I$2:I$740<=TODAY()-WEEKDAY(TODAY(),2)+7)),_xlfn._xlws.FILTER(All_Detail!I$2:I$740,(All_Detail!I$2:I$740>=TODAY()-WEEKDAY(TODAY(),2)+1)*(All_Detail!I$2:I$740<=TODAY()-WEEKDAY(TODAY(),2)+7)),1),16),"") -> Concourse D | C78: =IFERROR(INDEX(_xlfn.SORTBY(_xlfn._xlws.FILTER(All_Detail!D$2:D$740,(All_Detail!I$2:I$740>=TODAY()-WEEKDAY(TODAY(),2)+1)*(All_Detail!I$2:I$740<=TODAY()-WEEKDAY(TODAY(),2)+7)),_xlfn._xlws.FILTER(All_Detail!I$2:I$740,(All_Detail!I$2:I$740>=TODAY()-WEEKDAY(TODAY(),2)+1)*(All_Detail!I$2:I$740<=TODAY()-WEEKDAY(TODAY(),2)+7)),1),16),"") -> D4-065 | D78: =IFERROR(INDEX(_xlfn.SORTBY(_xlfn._xlws.FILTER(All_Detail!E$2:E$740,(All_Detail!I$2:I$740>=TODAY()-WEEKDAY(TODAY(),2)+1)*(All_Detail!I$2:I$740<=TODAY()-WEEKDAY(TODAY(),2)+7)),_xlfn._xlws.FILTER(All_Detail!I$2:I$740,(All_Detail!I$2:I$740>=TODAY()-WEEKDAY(TODAY(),2)+1)*(All_Detail!I$2:I$740<=TODAY()-WEEKDAY(TODAY(),2)+7)),1),16),"") -> Access Switch Type 4 | E78: =IFERROR(INDEX(_xlfn.SORTBY(_xlfn._xlws.FILTER(All_Detail!F$2:F$740,(All_Detail!I$2:I$740>=TODAY()-WEEKDAY(TODAY(),2)+1)*(All_Detail!I$2:I$740<=TODAY()-WEEKDAY(TODAY(),2)+7)),_xlfn._xlws.FILTER(All_Detail!I$2:I$740,(All_Detail!I$2:I$740>=TODAY()-WEEKDAY(TODAY(),2)+1)*(All_Detail!I$2:I$740<=TODAY()-WEEKDAY(TODAY(),2)+7)),1),16),"") -> 1 | F78: =IFERROR(INDEX(_xlfn.SORTBY(_xlfn._xlws.FILTER(All_Detail!I$2:I$740,(All_Detail!I$2:I$740>=TODAY()-WEEKDAY(TODAY(),2)+1)*(All_Detail!I$2:I$740<=TODAY()-WEEKDAY(TODAY(),2)+7)),_xlfn._xlws.FILTER(All_Detail!I$2:I$740,(All_Detail!I$2:I$740>=TODAY()-WEEKDAY(TODAY(),2)+1)*(All_Detail!I$2:I$740<=TODAY()-WEEKDAY(TODAY(),2)+7)),1),16),"") -> 46112 | G78: =IFERROR(INDEX(_xlfn.SORTBY(_xlfn._xlws.FILTER(All_Detail!J$2:J$740,(All_Detail!I$2:I$740>=TODAY()-WEEKDAY(TODAY(),2)+1)*(All_Detail!I$2:I$740<=TODAY()-WEEKDAY(TODAY(),2)+7)),_xlfn._xlws.FILTER(All_Detail!I$2:I$740,(All_Detail!I$2:I$740>=TODAY()-WEEKDAY(TODAY(),2)+1)*(All_Detail!I$2:I$740<=TODAY()-WEEKDAY(TODAY(),2)+7)),1),16),"") -> On Plan | H78: =IFERROR(INDEX(_xlfn.SORTBY(_xlfn._xlws.FILTER(All_Detail!P$2:P$740,(All_Detail!I$2:I$740>=TODAY()-WEEKDAY(TODAY(),2)+1)*(All_Detail!I$2:I$740<=TODAY()-WEEKDAY(TODAY(),2)+7)),_xlfn._xlws.FILTER(All_Detail!I$2:I$740,(All_Detail!I$2:I$740>=TODAY()-WEEKDAY(TODAY(),2)+1)*(All_Detail!I$2:I$740<=TODAY()-WEEKDAY(TODAY(),2)+7)),1),16),"") -> 0
A79: =IFERROR(INDEX(_xlfn.SORTBY(_xlfn._xlws.FILTER(All_Detail!B$2:B$740,(All_Detail!I$2:I$740>=TODAY()-WEEKDAY(TODAY(),2)+1)*(All_Detail!I$2:I$740<=TODAY()-WEEKDAY(TODAY(),2)+7)),_xlfn._xlws.FILTER(All_Detail!I$2:I$740,(All_Detail!I$2:I$740>=TODAY()-WEEKDAY(TODAY(),2)+1)*(All_Detail!I$2:I$740<=TODAY()-WEEKDAY(TODAY(),2)+7)),1),17),"") -> D1-041 | B79: =IFERROR(INDEX(_xlfn.SORTBY(_xlfn._xlws.FILTER(All_Detail!C$2:C$740,(All_Detail!I$2:I$740>=TODAY()-WEEKDAY(TODAY(),2)+1)*(All_Detail!I$2:I$740<=TODAY()-WEEKDAY(TODAY(),2)+7)),_xlfn._xlws.FILTER(All_Detail!I$2:I$740,(All_Detail!I$2:I$740>=TODAY()-WEEKDAY(TODAY(),2)+1)*(All_Detail!I$2:I$740<=TODAY()-WEEKDAY(TODAY(),2)+7)),1),17),"") -> Concourse D | C79: =IFERROR(INDEX(_xlfn.SORTBY(_xlfn._xlws.FILTER(All_Detail!D$2:D$740,(All_Detail!I$2:I$740>=TODAY()-WEEKDAY(TODAY(),2)+1)*(All_Detail!I$2:I$740<=TODAY()-WEEKDAY(TODAY(),2)+7)),_xlfn._xlws.FILTER(All_Detail!I$2:I$740,(All_Detail!I$2:I$740>=TODAY()-WEEKDAY(TODAY(),2)+1)*(All_Detail!I$2:I$740<=TODAY()-WEEKDAY(TODAY(),2)+7)),1),17),"") -> D4-065 | D79: =IFERROR(INDEX(_xlfn.SORTBY(_xlfn._xlws.FILTER(All_Detail!E$2:E$740,(All_Detail!I$2:I$740>=TODAY()-WEEKDAY(TODAY(),2)+1)*(All_Detail!I$2:I$740<=TODAY()-WEEKDAY(TODAY(),2)+7)),_xlfn._xlws.FILTER(All_Detail!I$2:I$740,(All_Detail!I$2:I$740>=TODAY()-WEEKDAY(TODAY(),2)+1)*(All_Detail!I$2:I$740<=TODAY()-WEEKDAY(TODAY(),2)+7)),1),17),"") -> Access Switch Type 2 | E79: =IFERROR(INDEX(_xlfn.SORTBY(_xlfn._xlws.FILTER(All_Detail!F$2:F$740,(All_Detail!I$2:I$740>=TODAY()-WEEKDAY(TODAY(),2)+1)*(All_Detail!I$2:I$740<=TODAY()-WEEKDAY(TODAY(),2)+7)),_xlfn._xlws.FILTER(All_Detail!I$2:I$740,(All_Detail!I$2:I$740>=TODAY()-WEEKDAY(TODAY(),2)+1)*(All_Detail!I$2:I$740<=TODAY()-WEEKDAY(TODAY(),2)+7)),1),17),"") -> 1 | F79: =IFERROR(INDEX(_xlfn.SORTBY(_xlfn._xlws.FILTER(All_Detail!I$2:I$740,(All_Detail!I$2:I$740>=TODAY()-WEEKDAY(TODAY(),2)+1)*(All_Detail!I$2:I$740<=TODAY()-WEEKDAY(TODAY(),2)+7)),_xlfn._xlws.FILTER(All_Detail!I$2:I$740,(All_Detail!I$2:I$740>=TODAY()-WEEKDAY(TODAY(),2)+1)*(All_Detail!I$2:I$740<=TODAY()-WEEKDAY(TODAY(),2)+7)),1),17),"") -> 46112 | G79: =IFERROR(INDEX(_xlfn.SORTBY(_xlfn._xlws.FILTER(All_Detail!J$2:J$740,(All_Detail!I$2:I$740>=TODAY()-WEEKDAY(TODAY(),2)+1)*(All_Detail!I$2:I$740<=TODAY()-WEEKDAY(TODAY(),2)+7)),_xlfn._xlws.FILTER(All_Detail!I$2:I$740,(All_Detail!I$2:I$740>=TODAY()-WEEKDAY(TODAY(),2)+1)*(All_Detail!I$2:I$740<=TODAY()-WEEKDAY(TODAY(),2)+7)),1),17),"") -> On Plan | H79: =IFERROR(INDEX(_xlfn.SORTBY(_xlfn._xlws.FILTER(All_Detail!P$2:P$740,(All_Detail!I$2:I$740>=TODAY()-WEEKDAY(TODAY(),2)+1)*(All_Detail!I$2:I$740<=TODAY()-WEEKDAY(TODAY(),2)+7)),_xlfn._xlws.FILTER(All_Detail!I$2:I$740,(All_Detail!I$2:I$740>=TODAY()-WEEKDAY(TODAY(),2)+1)*(All_Detail!I$2:I$740<=TODAY()-WEEKDAY(TODAY(),2)+7)),1),17),"") -> 0
A80: =IFERROR(INDEX(_xlfn.SORTBY(_xlfn._xlws.FILTER(All_Detail!B$2:B$740,(All_Detail!I$2:I$740>=TODAY()-WEEKDAY(TODAY(),2)+1)*(All_Detail!I$2:I$740<=TODAY()-WEEKDAY(TODAY(),2)+7)),_xlfn._xlws.FILTER(All_Detail!I$2:I$740,(All_Detail!I$2:I$740>=TODAY()-WEEKDAY(TODAY(),2)+1)*(All_Detail!I$2:I$740<=TODAY()-WEEKDAY(TODAY(),2)+7)),1),18),"") -> D1-041 | B80: =IFERROR(INDEX(_xlfn.SORTBY(_xlfn._xlws.FILTER(All_Detail!C$2:C$740,(All_Detail!I$2:I$740>=TODAY()-WEEKDAY(TODAY(),2)+1)*(All_Detail!I$2:I$740<=TODAY()-WEEKDAY(TODAY(),2)+7)),_xlfn._xlws.FILTER(All_Detail!I$2:I$740,(All_Detail!I$2:I$740>=TODAY()-WEEKDAY(TODAY(),2)+1)*(All_Detail!I$2:I$740<=TODAY()-WEEKDAY(TODAY(),2)+7)),1),18),"") -> Concourse D | C80: =IFERROR(INDEX(_xlfn.SORTBY(_xlfn._xlws.FILTER(All_Detail!D$2:D$740,(All_Detail!I$2:I$740>=TODAY()-WEEKDAY(TODAY(),2)+1)*(All_Detail!I$2:I$740<=TODAY()-WEEKDAY(TODAY(),2)+7)),_xlfn._xlws.FILTER(All_Detail!I$2:I$740,(All_Detail!I$2:I$740>=TODAY()-WEEKDAY(TODAY(),2)+1)*(All_Detail!I$2:I$740<=TODAY()-WEEKDAY(TODAY(),2)+7)),1),18),"") -> D4-075 | D80: =IFERROR(INDEX(_xlfn.SORTBY(_xlfn._xlws.FILTER(All_Detail!E$2:E$740,(All_Detail!I$2:I$740>=TODAY()-WEEKDAY(TODAY(),2)+1)*(All_Detail!I$2:I$740<=TODAY()-WEEKDAY(TODAY(),2)+7)),_xlfn._xlws.FILTER(All_Detail!I$2:I$740,(All_Detail!I$2:I$740>=TODAY()-WEEKDAY(TODAY(),2)+1)*(All_Detail!I$2:I$740<=TODAY()-WEEKDAY(TODAY(),2)+7)),1),18),"") -> Access Switch Type 2 | E80: =IFERROR(INDEX(_xlfn.SORTBY(_xlfn._xlws.FILTER(All_Detail!F$2:F$740,(All_Detail!I$2:I$740>=TODAY()-WEEKDAY(TODAY(),2)+1)*(All_Detail!I$2:I$740<=TODAY()-WEEKDAY(TODAY(),2)+7)),_xlfn._xlws.FILTER(All_Detail!I$2:I$740,(All_Detail!I$2:I$740>=TODAY()-WEEKDAY(TODAY(),2)+1)*(All_Detail!I$2:I$740<=TODAY()-WEEKDAY(TODAY(),2)+7)),1),18),"") -> 1 | F80: =IFERROR(INDEX(_xlfn.SORTBY(_xlfn._xlws.FILTER(All_Detail!I$2:I$740,(All_Detail!I$2:I$740>=TODAY()-WEEKDAY(TODAY(),2)+1)*(All_Detail!I$2:I$740<=TODAY()-WEEKDAY(TODAY(),2)+7)),_xlfn._xlws.FILTER(All_Detail!I$2:I$740,(All_Detail!I$2:I$740>=TODAY()-WEEKDAY(TODAY(),2)+1)*(All_Detail!I$2:I$740<=TODAY()-WEEKDAY(TODAY(),2)+7)),1),18),"") -> 46112 | G80: =IFERROR(INDEX(_xlfn.SORTBY(_xlfn._xlws.FILTER(All_Detail!J$2:J$740,(All_Detail!I$2:I$740>=TODAY()-WEEKDAY(TODAY(),2)+1)*(All_Detail!I$2:I$740<=TODAY()-WEEKDAY(TODAY(),2)+7)),_xlfn._xlws.FILTER(All_Detail!I$2:I$740,(All_Detail!I$2:I$740>=TODAY()-WEEKDAY(TODAY(),2)+1)*(All_Detail!I$2:I$740<=TODAY()-WEEKDAY(TODAY(),2)+7)),1),18),"") -> On Plan | H80: =IFERROR(INDEX(_xlfn.SORTBY(_xlfn._xlws.FILTER(All_Detail!P$2:P$740,(All_Detail!I$2:I$740>=TODAY()-WEEKDAY(TODAY(),2)+1)*(All_Detail!I$2:I$740<=TODAY()-WEEKDAY(TODAY(),2)+7)),_xlfn._xlws.FILTER(All_Detail!I$2:I$740,(All_Detail!I$2:I$740>=TODAY()-WEEKDAY(TODAY(),2)+1)*(All_Detail!I$2:I$740<=TODAY()-WEEKDAY(TODAY(),2)+7)),1),18),"") -> 0
A81: =IFERROR(INDEX(_xlfn.SORTBY(_xlfn._xlws.FILTER(All_Detail!B$2:B$740,(All_Detail!I$2:I$740>=TODAY()-WEEKDAY(TODAY(),2)+1)*(All_Detail!I$2:I$740<=TODAY()-WEEKDAY(TODAY(),2)+7)),_xlfn._xlws.FILTER(All_Detail!I$2:I$740,(All_Detail!I$2:I$740>=TODAY()-WEEKDAY(TODAY(),2)+1)*(All_Detail!I$2:I$740<=TODAY()-WEEKDAY(TODAY(),2)+7)),1),19),"") -> D1-041 | B81: =IFERROR(INDEX(_xlfn.SORTBY(_xlfn._xlws.FILTER(All_Detail!C$2:C$740,(All_Detail!I$2:I$740>=TODAY()-WEEKDAY(TODAY(),2)+1)*(All_Detail!I$2:I$740<=TODAY()-WEEKDAY(TODAY(),2)+7)),_xlfn._xlws.FILTER(All_Detail!I$2:I$740,(All_Detail!I$2:I$740>=TODAY()-WEEKDAY(TODAY(),2)+1)*(All_Detail!I$2:I$740<=TODAY()-WEEKDAY(TODAY(),2)+7)),1),19),"") -> Concourse D | C81: =IFERROR(INDEX(_xlfn.SORTBY(_xlfn._xlws.FILTER(All_Detail!D$2:D$740,(All_Detail!I$2:I$740>=TODAY()-WEEKDAY(TODAY(),2)+1)*(All_Detail!I$2:I$740<=TODAY()-WEEKDAY(TODAY(),2)+7)),_xlfn._xlws.FILTER(All_Detail!I$2:I$740,(All_Detail!I$2:I$740>=TODAY()-WEEKDAY(TODAY(),2)+1)*(All_Detail!I$2:I$740<=TODAY()-WEEKDAY(TODAY(),2)+7)),1),19),"") -> D4-082 | D81: =IFERROR(INDEX(_xlfn.SORTBY(_xlfn._xlws.FILTER(All_Detail!E$2:E$740,(All_Detail!I$2:I$740>=TODAY()-WEEKDAY(TODAY(),2)+1)*(All_Detail!I$2:I$740<=TODAY()-WEEKDAY(TODAY(),2)+7)),_xlfn._xlws.FILTER(All_Detail!I$2:I$740,(All_Detail!I$2:I$740>=TODAY()-WEEKDAY(TODAY(),2)+1)*(All_Detail!I$2:I$740<=TODAY()-WEEKDAY(TODAY(),2)+7)),1),19),"") -> Access Switch Type 2 | E81: =IFERROR(INDEX(_xlfn.SORTBY(_xlfn._xlws.FILTER(All_Detail!F$2:F$740,(All_Detail!I$2:I$740>=TODAY()-WEEKDAY(TODAY(),2)+1)*(All_Detail!I$2:I$740<=TODAY()-WEEKDAY(TODAY(),2)+7)),_xlfn._xlws.FILTER(All_Detail!I$2:I$740,(All_Detail!I$2:I$740>=TODAY()-WEEKDAY(TODAY(),2)+1)*(All_Detail!I$2:I$740<=TODAY()-WEEKDAY(TODAY(),2)+7)),1),19),"") -> 1 | F81: =IFERROR(INDEX(_xlfn.SORTBY(_xlfn._xlws.FILTER(All_Detail!I$2:I$740,(All_Detail!I$2:I$740>=TODAY()-WEEKDAY(TODAY(),2)+1)*(All_Detail!I$2:I$740<=TODAY()-WEEKDAY(TODAY(),2)+7)),_xlfn._xlws.FILTER(All_Detail!I$2:I$740,(All_Detail!I$2:I$740>=TODAY()-WEEKDAY(TODAY(),2)+1)*(All_Detail!I$2:I$740<=TODAY()-WEEKDAY(TODAY(),2)+7)),1),19),"") -> 46112 | G81: =IFERROR(INDEX(_xlfn.SORTBY(_xlfn._xlws.FILTER(All_Detail!J$2:J$740,(All_Detail!I$2:I$740>=TODAY()-WEEKDAY(TODAY(),2)+1)*(All_Detail!I$2:I$740<=TODAY()-WEEKDAY(TODAY(),2)+7)),_xlfn._xlws.FILTER(All_Detail!I$2:I$740,(All_Detail!I$2:I$740>=TODAY()-WEEKDAY(TODAY(),2)+1)*(All_Detail!I$2:I$740<=TODAY()-WEEKDAY(TODAY(),2)+7)),1),19),"") -> On Plan | H81: =IFERROR(INDEX(_xlfn.SORTBY(_xlfn._xlws.FILTER(All_Detail!P$2:P$740,(All_Detail!I$2:I$740>=TODAY()-WEEKDAY(TODAY(),2)+1)*(All_Detail!I$2:I$740<=TODAY()-WEEKDAY(TODAY(),2)+7)),_xlfn._xlws.FILTER(All_Detail!I$2:I$740,(All_Detail!I$2:I$740>=TODAY()-WEEKDAY(TODAY(),2)+1)*(All_Detail!I$2:I$740<=TODAY()-WEEKDAY(TODAY(),2)+7)),1),19),"") -> 0
A82: =IFERROR(INDEX(_xlfn.SORTBY(_xlfn._xlws.FILTER(All_Detail!B$2:B$740,(All_Detail!I$2:I$740>=TODAY()-WEEKDAY(TODAY(),2)+1)*(All_Detail!I$2:I$740<=TODAY()-WEEKDAY(TODAY(),2)+7)),_xlfn._xlws.FILTER(All_Detail!I$2:I$740,(All_Detail!I$2:I$740>=TODAY()-WEEKDAY(TODAY(),2)+1)*(All_Detail!I$2:I$740<=TODAY()-WEEKDAY(TODAY(),2)+7)),1),20),"") -> D1-041 | B82: =IFERROR(INDEX(_xlfn.SORTBY(_xlfn._xlws.FILTER(All_Detail!C$2:C$740,(All_Detail!I$2:I$740>=TODAY()-WEEKDAY(TODAY(),2)+1)*(All_Detail!I$2:I$740<=TODAY()-WEEKDAY(TODAY(),2)+7)),_xlfn._xlws.FILTER(All_Detail!I$2:I$740,(All_Detail!I$2:I$740>=TODAY()-WEEKDAY(TODAY(),2)+1)*(All_Detail!I$2:I$740<=TODAY()-WEEKDAY(TODAY(),2)+7)),1),20),"") -> Concourse D | C82: =IFERROR(INDEX(_xlfn.SORTBY(_xlfn._xlws.FILTER(All_Detail!D$2:D$740,(All_Detail!I$2:I$740>=TODAY()-WEEKDAY(TODAY(),2)+1)*(All_Detail!I$2:I$740<=TODAY()-WEEKDAY(TODAY(),2)+7)),_xlfn._xlws.FILTER(All_Detail!I$2:I$740,(All_Detail!I$2:I$740>=TODAY()-WEEKDAY(TODAY(),2)+1)*(All_Detail!I$2:I$740<=TODAY()-WEEKDAY(TODAY(),2)+7)),1),20),"") -> D4-083 | D82: =IFERROR(INDEX(_xlfn.SORTBY(_xlfn._xlws.FILTER(All_Detail!E$2:E$740,(All_Detail!I$2:I$740>=TODAY()-WEEKDAY(TODAY(),2)+1)*(All_Detail!I$2:I$740<=TODAY()-WEEKDAY(TODAY(),2)+7)),_xlfn._xlws.FILTER(All_Detail!I$2:I$740,(All_Detail!I$2:I$740>=TODAY()-WEEKDAY(TODAY(),2)+1)*(All_Detail!I$2:I$740<=TODAY()-WEEKDAY(TODAY(),2)+7)),1),20),"") -> Access Switch Type 2 | E82: =IFERROR(INDEX(_xlfn.SORTBY(_xlfn._xlws.FILTER(All_Detail!F$2:F$740,(All_Detail!I$2:I$740>=TODAY()-WEEKDAY(TODAY(),2)+1)*(All_Detail!I$2:I$740<=TODAY()-WEEKDAY(TODAY(),2)+7)),_xlfn._xlws.FILTER(All_Detail!I$2:I$740,(All_Detail!I$2:I$740>=TODAY()-WEEKDAY(TODAY(),2)+1)*(All_Detail!I$2:I$740<=TODAY()-WEEKDAY(TODAY(),2)+7)),1),20),"") -> 1 | F82: =IFERROR(INDEX(_xlfn.SORTBY(_xlfn._xlws.FILTER(All_Detail!I$2:I$740,(All_Detail!I$2:I$740>=TODAY()-WEEKDAY(TODAY(),2)+1)*(All_Detail!I$2:I$740<=TODAY()-WEEKDAY(TODAY(),2)+7)),_xlfn._xlws.FILTER(All_Detail!I$2:I$740,(All_Detail!I$2:I$740>=TODAY()-WEEKDAY(TODAY(),2)+1)*(All_Detail!I$2:I$740<=TODAY()-WEEKDAY(TODAY(),2)+7)),1),20),"") -> 46112 | G82: =IFERROR(INDEX(_xlfn.SORTBY(_xlfn._xlws.FILTER(All_Detail!J$2:J$740,(All_Detail!I$2:I$740>=TODAY()-WEEKDAY(TODAY(),2)+1)*(All_Detail!I$2:I$740<=TODAY()-WEEKDAY(TODAY(),2)+7)),_xlfn._xlws.FILTER(All_Detail!I$2:I$740,(All_Detail!I$2:I$740>=TODAY()-WEEKDAY(TODAY(),2)+1)*(All_Detail!I$2:I$740<=TODAY()-WEEKDAY(TODAY(),2)+7)),1),20),"") -> On Plan | H82: =IFERROR(INDEX(_xlfn.SORTBY(_xlfn._xlws.FILTER(All_Detail!P$2:P$740,(All_Detail!I$2:I$740>=TODAY()-WEEKDAY(TODAY(),2)+1)*(All_Detail!I$2:I$740<=TODAY()-WEEKDAY(TODAY(),2)+7)),_xlfn._xlws.FILTER(All_Detail!I$2:I$740,(All_Detail!I$2:I$740>=TODAY()-WEEKDAY(TODAY(),2)+1)*(All_Detail!I$2:I$740<=TODAY()-WEEKDAY(TODAY(),2)+7)),1),20),"") -> 0
A83: =IFERROR(INDEX(_xlfn.SORTBY(_xlfn._xlws.FILTER(All_Detail!B$2:B$740,(All_Detail!I$2:I$740>=TODAY()-WEEKDAY(TODAY(),2)+1)*(All_Detail!I$2:I$740<=TODAY()-WEEKDAY(TODAY(),2)+7)),_xlfn._xlws.FILTER(All_Detail!I$2:I$740,(All_Detail!I$2:I$740>=TODAY()-WEEKDAY(TODAY(),2)+1)*(All_Detail!I$2:I$740<=TODAY()-WEEKDAY(TODAY(),2)+7)),1),21),"") -> D1-041 | B83: =IFERROR(INDEX(_xlfn.SORTBY(_xlfn._xlws.FILTER(All_Detail!C$2:C$740,(All_Detail!I$2:I$740>=TODAY()-WEEKDAY(TODAY(),2)+1)*(All_Detail!I$2:I$740<=TODAY()-WEEKDAY(TODAY(),2)+7)),_xlfn._xlws.FILTER(All_Detail!I$2:I$740,(All_Detail!I$2:I$740>=TODAY()-WEEKDAY(TODAY(),2)+1)*(All_Detail!I$2:I$740<=TODAY()-WEEKDAY(TODAY(),2)+7)),1),21),"") -> AIMS | C83: =IFERROR(INDEX(_xlfn.SORTBY(_xlfn._xlws.FILTER(All_Detail!D$2:D$740,(All_Detail!I$2:I$740>=TODAY()-WEEKDAY(TODAY(),2)+1)*(All_Detail!I$2:I$740<=TODAY()-WEEKDAY(TODAY(),2)+7)),_xlfn._xlws.FILTER(All_Detail!I$2:I$740,(All_Detail!I$2:I$740>=TODAY()-WEEKDAY(TODAY(),2)+1)*(All_Detail!I$2:I$740<=TODAY()-WEEKDAY(TODAY(),2)+7)),1),21),"") -> - | D83: =IFERROR(INDEX(_xlfn.SORTBY(_xlfn._xlws.FILTER(All_Detail!E$2:E$740,(All_Detail!I$2:I$740>=TODAY()-WEEKDAY(TODAY(),2)+1)*(All_Detail!I$2:I$740<=TODAY()-WEEKDAY(TODAY(),2)+7)),_xlfn._xlws.FILTER(All_Detail!I$2:I$740,(All_Detail!I$2:I$740>=TODAY()-WEEKDAY(TODAY(),2)+1)*(All_Detail!I$2:I$740<=TODAY()-WEEKDAY(TODAY(),2)+7)),1),21),"") -> Access Point | E83: =IFERROR(INDEX(_xlfn.SORTBY(_xlfn._xlws.FILTER(All_Detail!F$2:F$740,(All_Detail!I$2:I$740>=TODAY()-WEEKDAY(TODAY(),2)+1)*(All_Detail!I$2:I$740<=TODAY()-WEEKDAY(TODAY(),2)+7)),_xlfn._xlws.FILTER(All_Detail!I$2:I$740,(All_Detail!I$2:I$740>=TODAY()-WEEKDAY(TODAY(),2)+1)*(All_Detail!I$2:I$740<=TODAY()-WEEKDAY(TODAY(),2)+7)),1),21),"") -> 19 | F83: =IFERROR(INDEX(_xlfn.SORTBY(_xlfn._xlws.FILTER(All_Detail!I$2:I$740,(All_Detail!I$2:I$740>=TODAY()-WEEKDAY(TODAY(),2)+1)*(All_Detail!I$2:I$740<=TODAY()-WEEKDAY(TODAY(),2)+7)),_xlfn._xlws.FILTER(All_Detail!I$2:I$740,(All_Detail!I$2:I$740>=TODAY()-WEEKDAY(TODAY(),2)+1)*(All_Detail!I$2:I$740<=TODAY()-WEEKDAY(TODAY(),2)+7)),1),21),"") -> 46113 | G83: =IFERROR(INDEX(_xlfn.SORTBY(_xlfn._xlws.FILTER(All_Detail!J$2:J$740,(All_Detail!I$2:I$740>=TODAY()-WEEKDAY(TODAY(),2)+1)*(All_Detail!I$2:I$740<=TODAY()-WEEKDAY(TODAY(),2)+7)),_xlfn._xlws.FILTER(All_Detail!I$2:I$740,(All_Detail!I$2:I$740>=TODAY()-WEEKDAY(TODAY(),2)+1)*(All_Detail!I$2:I$740<=TODAY()-WEEKDAY(TODAY(),2)+7)),1),21),"") -> On Plan | H83: =IFERROR(INDEX(_xlfn.SORTBY(_xlfn._xlws.FILTER(All_Detail!P$2:P$740,(All_Detail!I$2:I$740>=TODAY()-WEEKDAY(TODAY(),2)+1)*(All_Detail!I$2:I$740<=TODAY()-WEEKDAY(TODAY(),2)+7)),_xlfn._xlws.FILTER(All_Detail!I$2:I$740,(All_Detail!I$2:I$740>=TODAY()-WEEKDAY(TODAY(),2)+1)*(All_Detail!I$2:I$740<=TODAY()-WEEKDAY(TODAY(),2)+7)),1),21),"") -> 0
A84: =IFERROR(INDEX(_xlfn.SORTBY(_xlfn._xlws.FILTER(All_Detail!B$2:B$740,(All_Detail!I$2:I$740>=TODAY()-WEEKDAY(TODAY(),2)+1)*(All_Detail!I$2:I$740<=TODAY()-WEEKDAY(TODAY(),2)+7)),_xlfn._xlws.FILTER(All_Detail!I$2:I$740,(All_Detail!I$2:I$740>=TODAY()-WEEKDAY(TODAY(),2)+1)*(All_Detail!I$2:I$740<=TODAY()-WEEKDAY(TODAY(),2)+7)),1),22),"") -> D1-041 | B84: =IFERROR(INDEX(_xlfn.SORTBY(_xlfn._xlws.FILTER(All_Detail!C$2:C$740,(All_Detail!I$2:I$740>=TODAY()-WEEKDAY(TODAY(),2)+1)*(All_Detail!I$2:I$740<=TODAY()-WEEKDAY(TODAY(),2)+7)),_xlfn._xlws.FILTER(All_Detail!I$2:I$740,(All_Detail!I$2:I$740>=TODAY()-WEEKDAY(TODAY(),2)+1)*(All_Detail!I$2:I$740<=TODAY()-WEEKDAY(TODAY(),2)+7)),1),22),"") -> AIMS | C84: =IFERROR(INDEX(_xlfn.SORTBY(_xlfn._xlws.FILTER(All_Detail!D$2:D$740,(All_Detail!I$2:I$740>=TODAY()-WEEKDAY(TODAY(),2)+1)*(All_Detail!I$2:I$740<=TODAY()-WEEKDAY(TODAY(),2)+7)),_xlfn._xlws.FILTER(All_Detail!I$2:I$740,(All_Detail!I$2:I$740>=TODAY()-WEEKDAY(TODAY(),2)+1)*(All_Detail!I$2:I$740<=TODAY()-WEEKDAY(TODAY(),2)+7)),1),22),"") -> AOCC Room | D84: =IFERROR(INDEX(_xlfn.SORTBY(_xlfn._xlws.FILTER(All_Detail!E$2:E$740,(All_Detail!I$2:I$740>=TODAY()-WEEKDAY(TODAY(),2)+1)*(All_Detail!I$2:I$740<=TODAY()-WEEKDAY(TODAY(),2)+7)),_xlfn._xlws.FILTER(All_Detail!I$2:I$740,(All_Detail!I$2:I$740>=TODAY()-WEEKDAY(TODAY(),2)+1)*(All_Detail!I$2:I$740<=TODAY()-WEEKDAY(TODAY(),2)+7)),1),22),"") -> Access Switch Type 2 | E84: =IFERROR(INDEX(_xlfn.SORTBY(_xlfn._xlws.FILTER(All_Detail!F$2:F$740,(All_Detail!I$2:I$740>=TODAY()-WEEKDAY(TODAY(),2)+1)*(All_Detail!I$2:I$740<=TODAY()-WEEKDAY(TODAY(),2)+7)),_xlfn._xlws.FILTER(All_Detail!I$2:I$740,(All_Detail!I$2:I$740>=TODAY()-WEEKDAY(TODAY(),2)+1)*(All_Detail!I$2:I$740<=TODAY()-WEEKDAY(TODAY(),2)+7)),1),22),"") -> 2 | F84: =IFERROR(INDEX(_xlfn.SORTBY(_xlfn._xlws.FILTER(All_Detail!I$2:I$740,(All_Detail!I$2:I$740>=TODAY()-WEEKDAY(TODAY(),2)+1)*(All_Detail!I$2:I$740<=TODAY()-WEEKDAY(TODAY(),2)+7)),_xlfn._xlws.FILTER(All_Detail!I$2:I$740,(All_Detail!I$2:I$740>=TODAY()-WEEKDAY(TODAY(),2)+1)*(All_Detail!I$2:I$740<=TODAY()-WEEKDAY(TODAY(),2)+7)),1),22),"") -> 46114 | G84: =IFERROR(INDEX(_xlfn.SORTBY(_xlfn._xlws.FILTER(All_Detail!J$2:J$740,(All_Detail!I$2:I$740>=TODAY()-WEEKDAY(TODAY(),2)+1)*(All_Detail!I$2:I$740<=TODAY()-WEEKDAY(TODAY(),2)+7)),_xlfn._xlws.FILTER(All_Detail!I$2:I$740,(All_Detail!I$2:I$740>=TODAY()-WEEKDAY(TODAY(),2)+1)*(All_Detail!I$2:I$740<=TODAY()-WEEKDAY(TODAY(),2)+7)),1),22),"") -> Success | H84: =IFERROR(INDEX(_xlfn.SORTBY(_xlfn._xlws.FILTER(All_Detail!P$2:P$740,(All_Detail!I$2:I$740>=TODAY()-WEEKDAY(TODAY(),2)+1)*(All_Detail!I$2:I$740<=TODAY()-WEEKDAY(TODAY(),2)+7)),_xlfn._xlws.FILTER(All_Detail!I$2:I$740,(All_Detail!I$2:I$740>=TODAY()-WEEKDAY(TODAY(),2)+1)*(All_Detail!I$2:I$740<=TODAY()-WEEKDAY(TODAY(),2)+7)),1),22),"") -> 0
A85: =IFERROR(INDEX(_xlfn.SORTBY(_xlfn._xlws.FILTER(All_Detail!B$2:B$740,(All_Detail!I$2:I$740>=TODAY()-WEEKDAY(TODAY(),2)+1)*(All_Detail!I$2:I$740<=TODAY()-WEEKDAY(TODAY(),2)+7)),_xlfn._xlws.FILTER(All_Detail!I$2:I$740,(All_Detail!I$2:I$740>=TODAY()-WEEKDAY(TODAY(),2)+1)*(All_Detail!I$2:I$740<=TODAY()-WEEKDAY(TODAY(),2)+7)),1),23),"") -> D1-041 | B85: =IFERROR(INDEX(_xlfn.SORTBY(_xlfn._xlws.FILTER(All_Detail!C$2:C$740,(All_Detail!I$2:I$740>=TODAY()-WEEKDAY(TODAY(),2)+1)*(All_Detail!I$2:I$740<=TODAY()-WEEKDAY(TODAY(),2)+7)),_xlfn._xlws.FILTER(All_Detail!I$2:I$740,(All_Detail!I$2:I$740>=TODAY()-WEEKDAY(TODAY(),2)+1)*(All_Detail!I$2:I$740<=TODAY()-WEEKDAY(TODAY(),2)+7)),1),23),"") -> AIMS | C85: =IFERROR(INDEX(_xlfn.SORTBY(_xlfn._xlws.FILTER(All_Detail!D$2:D$740,(All_Detail!I$2:I$740>=TODAY()-WEEKDAY(TODAY(),2)+1)*(All_Detail!I$2:I$740<=TODAY()-WEEKDAY(TODAY(),2)+7)),_xlfn._xlws.FILTER(All_Detail!I$2:I$740,(All_Detail!I$2:I$740>=TODAY()-WEEKDAY(TODAY(),2)+1)*(All_Detail!I$2:I$740<=TODAY()-WEEKDAY(TODAY(),2)+7)),1),23),"") -> AOCC Room | D85: =IFERROR(INDEX(_xlfn.SORTBY(_xlfn._xlws.FILTER(All_Detail!E$2:E$740,(All_Detail!I$2:I$740>=TODAY()-WEEKDAY(TODAY(),2)+1)*(All_Detail!I$2:I$740<=TODAY()-WEEKDAY(TODAY(),2)+7)),_xlfn._xlws.FILTER(All_Detail!I$2:I$740,(All_Detail!I$2:I$740>=TODAY()-WEEKDAY(TODAY(),2)+1)*(All_Detail!I$2:I$740<=TODAY()-WEEKDAY(TODAY(),2)+7)),1),23),"") -> Access Switch Type 4 | E85: =IFERROR(INDEX(_xlfn.SORTBY(_xlfn._xlws.FILTER(All_Detail!F$2:F$740,(All_Detail!I$2:I$740>=TODAY()-WEEKDAY(TODAY(),2)+1)*(All_Detail!I$2:I$740<=TODAY()-WEEKDAY(TODAY(),2)+7)),_xlfn._xlws.FILTER(All_Detail!I$2:I$740,(All_Detail!I$2:I$740>=TODAY()-WEEKDAY(TODAY(),2)+1)*(All_Detail!I$2:I$740<=TODAY()-WEEKDAY(TODAY(),2)+7)),1),23),"") -> 1 | F85: =IFERROR(INDEX(_xlfn.SORTBY(_xlfn._xlws.FILTER(All_Detail!I$2:I$740,(All_Detail!I$2:I$740>=TODAY()-WEEKDAY(TODAY(),2)+1)*(All_Detail!I$2:I$740<=TODAY()-WEEKDAY(TODAY(),2)+7)),_xlfn._xlws.FILTER(All_Detail!I$2:I$740,(All_Detail!I$2:I$740>=TODAY()-WEEKDAY(TODAY(),2)+1)*(All_Detail!I$2:I$740<=TODAY()-WEEKDAY(TODAY(),2)+7)),1),23),"") -> 46114 | G85: =IFERROR(INDEX(_xlfn.SORTBY(_xlfn._xlws.FILTER(All_Detail!J$2:J$740,(All_Detail!I$2:I$740>=TODAY()-WEEKDAY(TODAY(),2)+1)*(All_Detail!I$2:I$740<=TODAY()-WEEKDAY(TODAY(),2)+7)),_xlfn._xlws.FILTER(All_Detail!I$2:I$740,(All_Detail!I$2:I$740>=TODAY()-WEEKDAY(TODAY(),2)+1)*(All_Detail!I$2:I$740<=TODAY()-WEEKDAY(TODAY(),2)+7)),1),23),"") -> On Plan | H85: =IFERROR(INDEX(_xlfn.SORTBY(_xlfn._xlws.FILTER(All_Detail!P$2:P$740,(All_Detail!I$2:I$740>=TODAY()-WEEKDAY(TODAY(),2)+1)*(All_Detail!I$2:I$740<=TODAY()-WEEKDAY(TODAY(),2)+7)),_xlfn._xlws.FILTER(All_Detail!I$2:I$740,(All_Detail!I$2:I$740>=TODAY()-WEEKDAY(TODAY(),2)+1)*(All_Detail!I$2:I$740<=TODAY()-WEEKDAY(TODAY(),2)+7)),1),23),"") -> 0
A86: =IFERROR(INDEX(_xlfn.SORTBY(_xlfn._xlws.FILTER(All_Detail!B$2:B$740,(All_Detail!I$2:I$740>=TODAY()-WEEKDAY(TODAY(),2)+1)*(All_Detail!I$2:I$740<=TODAY()-WEEKDAY(TODAY(),2)+7)),_xlfn._xlws.FILTER(All_Detail!I$2:I$740,(All_Detail!I$2:I$740>=TODAY()-WEEKDAY(TODAY(),2)+1)*(All_Detail!I$2:I$740<=TODAY()-WEEKDAY(TODAY(),2)+7)),1),24),"") -> D1-041 | B86: =IFERROR(INDEX(_xlfn.SORTBY(_xlfn._xlws.FILTER(All_Detail!C$2:C$740,(All_Detail!I$2:I$740>=TODAY()-WEEKDAY(TODAY(),2)+1)*(All_Detail!I$2:I$740<=TODAY()-WEEKDAY(TODAY(),2)+7)),_xlfn._xlws.FILTER(All_Detail!I$2:I$740,(All_Detail!I$2:I$740>=TODAY()-WEEKDAY(TODAY(),2)+1)*(All_Detail!I$2:I$740<=TODAY()-WEEKDAY(TODAY(),2)+7)),1),24),"") -> AIMS | C86: =IFERROR(INDEX(_xlfn.SORTBY(_xlfn._xlws.FILTER(All_Detail!D$2:D$740,(All_Detail!I$2:I$740>=TODAY()-WEEKDAY(TODAY(),2)+1)*(All_Detail!I$2:I$740<=TODAY()-WEEKDAY(TODAY(),2)+7)),_xlfn._xlws.FILTER(All_Detail!I$2:I$740,(All_Detail!I$2:I$740>=TODAY()-WEEKDAY(TODAY(),2)+1)*(All_Detail!I$2:I$740<=TODAY()-WEEKDAY(TODAY(),2)+7)),1),24),"") -> BTL Room | D86: =IFERROR(INDEX(_xlfn.SORTBY(_xlfn._xlws.FILTER(All_Detail!E$2:E$740,(All_Detail!I$2:I$740>=TODAY()-WEEKDAY(TODAY(),2)+1)*(All_Detail!I$2:I$740<=TODAY()-WEEKDAY(TODAY(),2)+7)),_xlfn._xlws.FILTER(All_Detail!I$2:I$740,(All_Detail!I$2:I$740>=TODAY()-WEEKDAY(TODAY(),2)+1)*(All_Detail!I$2:I$740<=TODAY()-WEEKDAY(TODAY(),2)+7)),1),24),"") -> Access Switch Type 2 | E86: =IFERROR(INDEX(_xlfn.SORTBY(_xlfn._xlws.FILTER(All_Detail!F$2:F$740,(All_Detail!I$2:I$740>=TODAY()-WEEKDAY(TODAY(),2)+1)*(All_Detail!I$2:I$740<=TODAY()-WEEKDAY(TODAY(),2)+7)),_xlfn._xlws.FILTER(All_Detail!I$2:I$740,(All_Detail!I$2:I$740>=TODAY()-WEEKDAY(TODAY(),2)+1)*(All_Detail!I$2:I$740<=TODAY()-WEEKDAY(TODAY(),2)+7)),1),24),"") -> 2 | F86: =IFERROR(INDEX(_xlfn.SORTBY(_xlfn._xlws.FILTER(All_Detail!I$2:I$740,(All_Detail!I$2:I$740>=TODAY()-WEEKDAY(TODAY(),2)+1)*(All_Detail!I$2:I$740<=TODAY()-WEEKDAY(TODAY(),2)+7)),_xlfn._xlws.FILTER(All_Detail!I$2:I$740,(All_Detail!I$2:I$740>=TODAY()-WEEKDAY(TODAY(),2)+1)*(All_Detail!I$2:I$740<=TODAY()-WEEKDAY(TODAY(),2)+7)),1),24),"") -> 46114 | G86: =IFERROR(INDEX(_xlfn.SORTBY(_xlfn._xlws.FILTER(All_Detail!J$2:J$740,(All_Detail!I$2:I$740>=TODAY()-WEEKDAY(TODAY(),2)+1)*(All_Detail!I$2:I$740<=TODAY()-WEEKDAY(TODAY(),2)+7)),_xlfn._xlws.FILTER(All_Detail!I$2:I$740,(All_Detail!I$2:I$740>=TODAY()-WEEKDAY(TODAY(),2)+1)*(All_Detail!I$2:I$740<=TODAY()-WEEKDAY(TODAY(),2)+7)),1),24),"") -> On Plan | H86: =IFERROR(INDEX(_xlfn.SORTBY(_xlfn._xlws.FILTER(All_Detail!P$2:P$740,(All_Detail!I$2:I$740>=TODAY()-WEEKDAY(TODAY(),2)+1)*(All_Detail!I$2:I$740<=TODAY()-WEEKDAY(TODAY(),2)+7)),_xlfn._xlws.FILTER(All_Detail!I$2:I$740,(All_Detail!I$2:I$740>=TODAY()-WEEKDAY(TODAY(),2)+1)*(All_Detail!I$2:I$740<=TODAY()-WEEKDAY(TODAY(),2)+7)),1),24),"") -> 0
A87: =IFERROR(INDEX(_xlfn.SORTBY(_xlfn._xlws.FILTER(All_Detail!B$2:B$740,(All_Detail!I$2:I$740>=TODAY()-WEEKDAY(TODAY(),2)+1)*(All_Detail!I$2:I$740<=TODAY()-WEEKDAY(TODAY(),2)+7)),_xlfn._xlws.FILTER(All_Detail!I$2:I$740,(All_Detail!I$2:I$740>=TODAY()-WEEKDAY(TODAY(),2)+1)*(All_Detail!I$2:I$740<=TODAY()-WEEKDAY(TODAY(),2)+7)),1),25),"") -> D1-041 | B87: =IFERROR(INDEX(_xlfn.SORTBY(_xlfn._xlws.FILTER(All_Detail!C$2:C$740,(All_Detail!I$2:I$740>=TODAY()-WEEKDAY(TODAY(),2)+1)*(All_Detail!I$2:I$740<=TODAY()-WEEKDAY(TODAY(),2)+7)),_xlfn._xlws.FILTER(All_Detail!I$2:I$740,(All_Detail!I$2:I$740>=TODAY()-WEEKDAY(TODAY(),2)+1)*(All_Detail!I$2:I$740<=TODAY()-WEEKDAY(TODAY(),2)+7)),1),25),"") -> AIMS | C87: =IFERROR(INDEX(_xlfn.SORTBY(_xlfn._xlws.FILTER(All_Detail!D$2:D$740,(All_Detail!I$2:I$740>=TODAY()-WEEKDAY(TODAY(),2)+1)*(All_Detail!I$2:I$740<=TODAY()-WEEKDAY(TODAY(),2)+7)),_xlfn._xlws.FILTER(All_Detail!I$2:I$740,(All_Detail!I$2:I$740>=TODAY()-WEEKDAY(TODAY(),2)+1)*(All_Detail!I$2:I$740<=TODAY()-WEEKDAY(TODAY(),2)+7)),1),25),"") -> CCC Room | D87: =IFERROR(INDEX(_xlfn.SORTBY(_xlfn._xlws.FILTER(All_Detail!E$2:E$740,(All_Detail!I$2:I$740>=TODAY()-WEEKDAY(TODAY(),2)+1)*(All_Detail!I$2:I$740<=TODAY()-WEEKDAY(TODAY(),2)+7)),_xlfn._xlws.FILTER(All_Detail!I$2:I$740,(All_Detail!I$2:I$740>=TODAY()-WEEKDAY(TODAY(),2)+1)*(All_Detail!I$2:I$740<=TODAY()-WEEKDAY(TODAY(),2)+7)),1),25),"") -> Access Switch Type 4 | E87: =IFERROR(INDEX(_xlfn.SORTBY(_xlfn._xlws.FILTER(All_Detail!F$2:F$740,(All_Detail!I$2:I$740>=TODAY()-WEEKDAY(TODAY(),2)+1)*(All_Detail!I$2:I$740<=TODAY()-WEEKDAY(TODAY(),2)+7)),_xlfn._xlws.FILTER(All_Detail!I$2:I$740,(All_Detail!I$2:I$740>=TODAY()-WEEKDAY(TODAY(),2)+1)*(All_Detail!I$2:I$740<=TODAY()-WEEKDAY(TODAY(),2)+7)),1),25),"") -> 1 | F87: =IFERROR(INDEX(_xlfn.SORTBY(_xlfn._xlws.FILTER(All_Detail!I$2:I$740,(All_Detail!I$2:I$740>=TODAY()-WEEKDAY(TODAY(),2)+1)*(All_Detail!I$2:I$740<=TODAY()-WEEKDAY(TODAY(),2)+7)),_xlfn._xlws.FILTER(All_Detail!I$2:I$740,(All_Detail!I$2:I$740>=TODAY()-WEEKDAY(TODAY(),2)+1)*(All_Detail!I$2:I$740<=TODAY()-WEEKDAY(TODAY(),2)+7)),1),25),"") -> 46114 | G87: =IFERROR(INDEX(_xlfn.SORTBY(_xlfn._xlws.FILTER(All_Detail!J$2:J$740,(All_Detail!I$2:I$740>=TODAY()-WEEKDAY(TODAY(),2)+1)*(All_Detail!I$2:I$740<=TODAY()-WEEKDAY(TODAY(),2)+7)),_xlfn._xlws.FILTER(All_Detail!I$2:I$740,(All_Detail!I$2:I$740>=TODAY()-WEEKDAY(TODAY(),2)+1)*(All_Detail!I$2:I$740<=TODAY()-WEEKDAY(TODAY(),2)+7)),1),25),"") -> On Plan | H87: =IFERROR(INDEX(_xlfn.SORTBY(_xlfn._xlws.FILTER(All_Detail!P$2:P$740,(All_Detail!I$2:I$740>=TODAY()-WEEKDAY(TODAY(),2)+1)*(All_Detail!I$2:I$740<=TODAY()-WEEKDAY(TODAY(),2)+7)),_xlfn._xlws.FILTER(All_Detail!I$2:I$740,(All_Detail!I$2:I$740>=TODAY()-WEEKDAY(TODAY(),2)+1)*(All_Detail!I$2:I$740<=TODAY()-WEEKDAY(TODAY(),2)+7)),1),25),"") -> 0
A88: =IFERROR(INDEX(_xlfn.SORTBY(_xlfn._xlws.FILTER(All_Detail!B$2:B$740,(All_Detail!I$2:I$740>=TODAY()-WEEKDAY(TODAY(),2)+1)*(All_Detail!I$2:I$740<=TODAY()-WEEKDAY(TODAY(),2)+7)),_xlfn._xlws.FILTER(All_Detail!I$2:I$740,(All_Detail!I$2:I$740>=TODAY()-WEEKDAY(TODAY(),2)+1)*(All_Detail!I$2:I$740<=TODAY()-WEEKDAY(TODAY(),2)+7)),1),26),"") -> D1-041 | B88: =IFERROR(INDEX(_xlfn.SORTBY(_xlfn._xlws.FILTER(All_Detail!C$2:C$740,(All_Detail!I$2:I$740>=TODAY()-WEEKDAY(TODAY(),2)+1)*(All_Detail!I$2:I$740<=TODAY()-WEEKDAY(TODAY(),2)+7)),_xlfn._xlws.FILTER(All_Detail!I$2:I$740,(All_Detail!I$2:I$740>=TODAY()-WEEKDAY(TODAY(),2)+1)*(All_Detail!I$2:I$740<=TODAY()-WEEKDAY(TODAY(),2)+7)),1),26),"") -> AIMS | C88: =IFERROR(INDEX(_xlfn.SORTBY(_xlfn._xlws.FILTER(All_Detail!D$2:D$740,(All_Detail!I$2:I$740>=TODAY()-WEEKDAY(TODAY(),2)+1)*(All_Detail!I$2:I$740<=TODAY()-WEEKDAY(TODAY(),2)+7)),_xlfn._xlws.FILTER(All_Detail!I$2:I$740,(All_Detail!I$2:I$740>=TODAY()-WEEKDAY(TODAY(),2)+1)*(All_Detail!I$2:I$740<=TODAY()-WEEKDAY(TODAY(),2)+7)),1),26),"") -> CCC Room | D88: =IFERROR(INDEX(_xlfn.SORTBY(_xlfn._xlws.FILTER(All_Detail!E$2:E$740,(All_Detail!I$2:I$740>=TODAY()-WEEKDAY(TODAY(),2)+1)*(All_Detail!I$2:I$740<=TODAY()-WEEKDAY(TODAY(),2)+7)),_xlfn._xlws.FILTER(All_Detail!I$2:I$740,(All_Detail!I$2:I$740>=TODAY()-WEEKDAY(TODAY(),2)+1)*(All_Detail!I$2:I$740<=TODAY()-WEEKDAY(TODAY(),2)+7)),1),26),"") -> Access Switch Type 2 | E88: =IFERROR(INDEX(_xlfn.SORTBY(_xlfn._xlws.FILTER(All_Detail!F$2:F$740,(All_Detail!I$2:I$740>=TODAY()-WEEKDAY(TODAY(),2)+1)*(All_Detail!I$2:I$740<=TODAY()-WEEKDAY(TODAY(),2)+7)),_xlfn._xlws.FILTER(All_Detail!I$2:I$740,(All_Detail!I$2:I$740>=TODAY()-WEEKDAY(TODAY(),2)+1)*(All_Detail!I$2:I$740<=TODAY()-WEEKDAY(TODAY(),2)+7)),1),26),"") -> 1 | F88: =IFERROR(INDEX(_xlfn.SORTBY(_xlfn._xlws.FILTER(All_Detail!I$2:I$740,(All_Detail!I$2:I$740>=TODAY()-WEEKDAY(TODAY(),2)+1)*(All_Detail!I$2:I$740<=TODAY()-WEEKDAY(TODAY(),2)+7)),_xlfn._xlws.FILTER(All_Detail!I$2:I$740,(All_Detail!I$2:I$740>=TODAY()-WEEKDAY(TODAY(),2)+1)*(All_Detail!I$2:I$740<=TODAY()-WEEKDAY(TODAY(),2)+7)),1),26),"") -> 46114 | G88: =IFERROR(INDEX(_xlfn.SORTBY(_xlfn._xlws.FILTER(All_Detail!J$2:J$740,(All_Detail!I$2:I$740>=TODAY()-WEEKDAY(TODAY(),2)+1)*(All_Detail!I$2:I$740<=TODAY()-WEEKDAY(TODAY(),2)+7)),_xlfn._xlws.FILTER(All_Detail!I$2:I$740,(All_Detail!I$2:I$740>=TODAY()-WEEKDAY(TODAY(),2)+1)*(All_Detail!I$2:I$740<=TODAY()-WEEKDAY(TODAY(),2)+7)),1),26),"") -> On Plan | H88: =IFERROR(INDEX(_xlfn.SORTBY(_xlfn._xlws.FILTER(All_Detail!P$2:P$740,(All_Detail!I$2:I$740>=TODAY()-WEEKDAY(TODAY(),2)+1)*(All_Detail!I$2:I$740<=TODAY()-WEEKDAY(TODAY(),2)+7)),_xlfn._xlws.FILTER(All_Detail!I$2:I$740,(All_Detail!I$2:I$740>=TODAY()-WEEKDAY(TODAY(),2)+1)*(All_Detail!I$2:I$740<=TODAY()-WEEKDAY(TODAY(),2)+7)),1),26),"") -> 0
A89: =IFERROR(INDEX(_xlfn.SORTBY(_xlfn._xlws.FILTER(All_Detail!B$2:B$740,(All_Detail!I$2:I$740>=TODAY()-WEEKDAY(TODAY(),2)+1)*(All_Detail!I$2:I$740<=TODAY()-WEEKDAY(TODAY(),2)+7)),_xlfn._xlws.FILTER(All_Detail!I$2:I$740,(All_Detail!I$2:I$740>=TODAY()-WEEKDAY(TODAY(),2)+1)*(All_Detail!I$2:I$740<=TODAY()-WEEKDAY(TODAY(),2)+7)),1),27),"") | B89: =IFERROR(INDEX(_xlfn.SORTBY(_xlfn._xlws.FILTER(All_Detail!C$2:C$740,(All_Detail!I$2:I$740>=TODAY()-WEEKDAY(TODAY(),2)+1)*(All_Detail!I$2:I$740<=TODAY()-WEEKDAY(TODAY(),2)+7)),_xlfn._xlws.FILTER(All_Detail!I$2:I$740,(All_Detail!I$2:I$740>=TODAY()-WEEKDAY(TODAY(),2)+1)*(All_Detail!I$2:I$740<=TODAY()-WEEKDAY(TODAY(),2)+7)),1),27),"") | C89: =IFERROR(INDEX(_xlfn.SORTBY(_xlfn._xlws.FILTER(All_Detail!D$2:D$740,(All_Detail!I$2:I$740>=TODAY()-WEEKDAY(TODAY(),2)+1)*(All_Detail!I$2:I$740<=TODAY()-WEEKDAY(TODAY(),2)+7)),_xlfn._xlws.FILTER(All_Detail!I$2:I$740,(All_Detail!I$2:I$740>=TODAY()-WEEKDAY(TODAY(),2)+1)*(All_Detail!I$2:I$740<=TODAY()-WEEKDAY(TODAY(),2)+7)),1),27),"") | D89: =IFERROR(INDEX(_xlfn.SORTBY(_xlfn._xlws.FILTER(All_Detail!E$2:E$740,(All_Detail!I$2:I$740>=TODAY()-WEEKDAY(TODAY(),2)+1)*(All_Detail!I$2:I$740<=TODAY()-WEEKDAY(TODAY(),2)+7)),_xlfn._xlws.FILTER(All_Detail!I$2:I$740,(All_Detail!I$2:I$740>=TODAY()-WEEKDAY(TODAY(),2)+1)*(All_Detail!I$2:I$740<=TODAY()-WEEKDAY(TODAY(),2)+7)),1),27),"") | E89: =IFERROR(INDEX(_xlfn.SORTBY(_xlfn._xlws.FILTER(All_Detail!F$2:F$740,(All_Detail!I$2:I$740>=TODAY()-WEEKDAY(TODAY(),2)+1)*(All_Detail!I$2:I$740<=TODAY()-WEEKDAY(TODAY(),2)+7)),_xlfn._xlws.FILTER(All_Detail!I$2:I$740,(All_Detail!I$2:I$740>=TODAY()-WEEKDAY(TODAY(),2)+1)*(All_Detail!I$2:I$740<=TODAY()-WEEKDAY(TODAY(),2)+7)),1),27),"") | F89: =IFERROR(INDEX(_xlfn.SORTBY(_xlfn._xlws.FILTER(All_Detail!I$2:I$740,(All_Detail!I$2:I$740>=TODAY()-WEEKDAY(TODAY(),2)+1)*(All_Detail!I$2:I$740<=TODAY()-WEEKDAY(TODAY(),2)+7)),_xlfn._xlws.FILTER(All_Detail!I$2:I$740,(All_Detail!I$2:I$740>=TODAY()-WEEKDAY(TODAY(),2)+1)*(All_Detail!I$2:I$740<=TODAY()-WEEKDAY(TODAY(),2)+7)),1),27),"") | G89: =IFERROR(INDEX(_xlfn.SORTBY(_xlfn._xlws.FILTER(All_Detail!J$2:J$740,(All_Detail!I$2:I$740>=TODAY()-WEEKDAY(TODAY(),2)+1)*(All_Detail!I$2:I$740<=TODAY()-WEEKDAY(TODAY(),2)+7)),_xlfn._xlws.FILTER(All_Detail!I$2:I$740,(All_Detail!I$2:I$740>=TODAY()-WEEKDAY(TODAY(),2)+1)*(All_Detail!I$2:I$740<=TODAY()-WEEKDAY(TODAY(),2)+7)),1),27),"") | H89: =IFERROR(INDEX(_xlfn.SORTBY(_xlfn._xlws.FILTER(All_Detail!P$2:P$740,(All_Detail!I$2:I$740>=TODAY()-WEEKDAY(TODAY(),2)+1)*(All_Detail!I$2:I$740<=TODAY()-WEEKDAY(TODAY(),2)+7)),_xlfn._xlws.FILTER(All_Detail!I$2:I$740,(All_Detail!I$2:I$740>=TODAY()-WEEKDAY(TODAY(),2)+1)*(All_Detail!I$2:I$740<=TODAY()-WEEKDAY(TODAY(),2)+7)),1),27),"")
A90: =IFERROR(INDEX(_xlfn.SORTBY(_xlfn._xlws.FILTER(All_Detail!B$2:B$740,(All_Detail!I$2:I$740>=TODAY()-WEEKDAY(TODAY(),2)+1)*(All_Detail!I$2:I$740<=TODAY()-WEEKDAY(TODAY(),2)+7)),_xlfn._xlws.FILTER(All_Detail!I$2:I$740,(All_Detail!I$2:I$740>=TODAY()-WEEKDAY(TODAY(),2)+1)*(All_Detail!I$2:I$740<=TODAY()-WEEKDAY(TODAY(),2)+7)),1),28),"") | B90: =IFERROR(INDEX(_xlfn.SORTBY(_xlfn._xlws.FILTER(All_Detail!C$2:C$740,(All_Detail!I$2:I$740>=TODAY()-WEEKDAY(TODAY(),2)+1)*(All_Detail!I$2:I$740<=TODAY()-WEEKDAY(TODAY(),2)+7)),_xlfn._xlws.FILTER(All_Detail!I$2:I$740,(All_Detail!I$2:I$740>=TODAY()-WEEKDAY(TODAY(),2)+1)*(All_Detail!I$2:I$740<=TODAY()-WEEKDAY(TODAY(),2)+7)),1),28),"") | C90: =IFERROR(INDEX(_xlfn.SORTBY(_xlfn._xlws.FILTER(All_Detail!D$2:D$740,(All_Detail!I$2:I$740>=TODAY()-WEEKDAY(TODAY(),2)+1)*(All_Detail!I$2:I$740<=TODAY()-WEEKDAY(TODAY(),2)+7)),_xlfn._xlws.FILTER(All_Detail!I$2:I$740,(All_Detail!I$2:I$740>=TODAY()-WEEKDAY(TODAY(),2)+1)*(All_Detail!I$2:I$740<=TODAY()-WEEKDAY(TODAY(),2)+7)),1),28),"") | D90: =IFERROR(INDEX(_xlfn.SORTBY(_xlfn._xlws.FILTER(All_Detail!E$2:E$740,(All_Detail!I$2:I$740>=TODAY()-WEEKDAY(TODAY(),2)+1)*(All_Detail!I$2:I$740<=TODAY()-WEEKDAY(TODAY(),2)+7)),_xlfn._xlws.FILTER(All_Detail!I$2:I$740,(All_Detail!I$2:I$740>=TODAY()-WEEKDAY(TODAY(),2)+1)*(All_Detail!I$2:I$740<=TODAY()-WEEKDAY(TODAY(),2)+7)),1),28),"") | E90: =IFERROR(INDEX(_xlfn.SORTBY(_xlfn._xlws.FILTER(All_Detail!F$2:F$740,(All_Detail!I$2:I$740>=TODAY()-WEEKDAY(TODAY(),2)+1)*(All_Detail!I$2:I$740<=TODAY()-WEEKDAY(TODAY(),2)+7)),_xlfn._xlws.FILTER(All_Detail!I$2:I$740,(All_Detail!I$2:I$740>=TODAY()-WEEKDAY(TODAY(),2)+1)*(All_Detail!I$2:I$740<=TODAY()-WEEKDAY(TODAY(),2)+7)),1),28),"") | F90: =IFERROR(INDEX(_xlfn.SORTBY(_xlfn._xlws.FILTER(All_Detail!I$2:I$740,(All_Detail!I$2:I$740>=TODAY()-WEEKDAY(TODAY(),2)+1)*(All_Detail!I$2:I$740<=TODAY()-WEEKDAY(TODAY(),2)+7)),_xlfn._xlws.FILTER(All_Detail!I$2:I$740,(All_Detail!I$2:I$740>=TODAY()-WEEKDAY(TODAY(),2)+1)*(All_Detail!I$2:I$740<=TODAY()-WEEKDAY(TODAY(),2)+7)),1),28),"") | G90: =IFERROR(INDEX(_xlfn.SORTBY(_xlfn._xlws.FILTER(All_Detail!J$2:J$740,(All_Detail!I$2:I$740>=TODAY()-WEEKDAY(TODAY(),2)+1)*(All_Detail!I$2:I$740<=TODAY()-WEEKDAY(TODAY(),2)+7)),_xlfn._xlws.FILTER(All_Detail!I$2:I$740,(All_Detail!I$2:I$740>=TODAY()-WEEKDAY(TODAY(),2)+1)*(All_Detail!I$2:I$740<=TODAY()-WEEKDAY(TODAY(),2)+7)),1),28),"") | H90: =IFERROR(INDEX(_xlfn.SORTBY(_xlfn._xlws.FILTER(All_Detail!P$2:P$740,(All_Detail!I$2:I$740>=TODAY()-WEEKDAY(TODAY(),2)+1)*(All_Detail!I$2:I$740<=TODAY()-WEEKDAY(TODAY(),2)+7)),_xlfn._xlws.FILTER(All_Detail!I$2:I$740,(All_Detail!I$2:I$740>=TODAY()-WEEKDAY(TODAY(),2)+1)*(All_Detail!I$2:I$740<=TODAY()-WEEKDAY(TODAY(),2)+7)),1),28),"")
A91: =IFERROR(INDEX(_xlfn.SORTBY(_xlfn._xlws.FILTER(All_Detail!B$2:B$740,(All_Detail!I$2:I$740>=TODAY()-WEEKDAY(TODAY(),2)+1)*(All_Detail!I$2:I$740<=TODAY()-WEEKDAY(TODAY(),2)+7)),_xlfn._xlws.FILTER(All_Detail!I$2:I$740,(All_Detail!I$2:I$740>=TODAY()-WEEKDAY(TODAY(),2)+1)*(All_Detail!I$2:I$740<=TODAY()-WEEKDAY(TODAY(),2)+7)),1),29),"") | B91: =IFERROR(INDEX(_xlfn.SORTBY(_xlfn._xlws.FILTER(All_Detail!C$2:C$740,(All_Detail!I$2:I$740>=TODAY()-WEEKDAY(TODAY(),2)+1)*(All_Detail!I$2:I$740<=TODAY()-WEEKDAY(TODAY(),2)+7)),_xlfn._xlws.FILTER(All_Detail!I$2:I$740,(All_Detail!I$2:I$740>=TODAY()-WEEKDAY(TODAY(),2)+1)*(All_Detail!I$2:I$740<=TODAY()-WEEKDAY(TODAY(),2)+7)),1),29),"") | C91: =IFERROR(INDEX(_xlfn.SORTBY(_xlfn._xlws.FILTER(All_Detail!D$2:D$740,(All_Detail!I$2:I$740>=TODAY()-WEEKDAY(TODAY(),2)+1)*(All_Detail!I$2:I$740<=TODAY()-WEEKDAY(TODAY(),2)+7)),_xlfn._xlws.FILTER(All_Detail!I$2:I$740,(All_Detail!I$2:I$740>=TODAY()-WEEKDAY(TODAY(),2)+1)*(All_Detail!I$2:I$740<=TODAY()-WEEKDAY(TODAY(),2)+7)),1),29),"") | D91: =IFERROR(INDEX(_xlfn.SORTBY(_xlfn._xlws.FILTER(All_Detail!E$2:E$740,(All_Detail!I$2:I$740>=TODAY()-WEEKDAY(TODAY(),2)+1)*(All_Detail!I$2:I$740<=TODAY()-WEEKDAY(TODAY(),2)+7)),_xlfn._xlws.FILTER(All_Detail!I$2:I$740,(All_Detail!I$2:I$740>=TODAY()-WEEKDAY(TODAY(),2)+1)*(All_Detail!I$2:I$740<=TODAY()-WEEKDAY(TODAY(),2)+7)),1),29),"") | E91: =IFERROR(INDEX(_xlfn.SORTBY(_xlfn._xlws.FILTER(All_Detail!F$2:F$740,(All_Detail!I$2:I$740>=TODAY()-WEEKDAY(TODAY(),2)+1)*(All_Detail!I$2:I$740<=TODAY()-WEEKDAY(TODAY(),2)+7)),_xlfn._xlws.FILTER(All_Detail!I$2:I$740,(All_Detail!I$2:I$740>=TODAY()-WEEKDAY(TODAY(),2)+1)*(All_Detail!I$2:I$740<=TODAY()-WEEKDAY(TODAY(),2)+7)),1),29),"") | F91: =IFERROR(INDEX(_xlfn.SORTBY(_xlfn._xlws.FILTER(All_Detail!I$2:I$740,(All_Detail!I$2:I$740>=TODAY()-WEEKDAY(TODAY(),2)+1)*(All_Detail!I$2:I$740<=TODAY()-WEEKDAY(TODAY(),2)+7)),_xlfn._xlws.FILTER(All_Detail!I$2:I$740,(All_Detail!I$2:I$740>=TODAY()-WEEKDAY(TODAY(),2)+1)*(All_Detail!I$2:I$740<=TODAY()-WEEKDAY(TODAY(),2)+7)),1),29),"") | G91: =IFERROR(INDEX(_xlfn.SORTBY(_xlfn._xlws.FILTER(All_Detail!J$2:J$740,(All_Detail!I$2:I$740>=TODAY()-WEEKDAY(TODAY(),2)+1)*(All_Detail!I$2:I$740<=TODAY()-WEEKDAY(TODAY(),2)+7)),_xlfn._xlws.FILTER(All_Detail!I$2:I$740,(All_Detail!I$2:I$740>=TODAY()-WEEKDAY(TODAY(),2)+1)*(All_Detail!I$2:I$740<=TODAY()-WEEKDAY(TODAY(),2)+7)),1),29),"") | H91: =IFERROR(INDEX(_xlfn.SORTBY(_xlfn._xlws.FILTER(All_Detail!P$2:P$740,(All_Detail!I$2:I$740>=TODAY()-WEEKDAY(TODAY(),2)+1)*(All_Detail!I$2:I$740<=TODAY()-WEEKDAY(TODAY(),2)+7)),_xlfn._xlws.FILTER(All_Detail!I$2:I$740,(All_Detail!I$2:I$740>=TODAY()-WEEKDAY(TODAY(),2)+1)*(All_Detail!I$2:I$740<=TODAY()-WEEKDAY(TODAY(),2)+7)),1),29),"")
A92: =IFERROR(INDEX(_xlfn.SORTBY(_xlfn._xlws.FILTER(All_Detail!B$2:B$740,(All_Detail!I$2:I$740>=TODAY()-WEEKDAY(TODAY(),2)+1)*(All_Detail!I$2:I$740<=TODAY()-WEEKDAY(TODAY(),2)+7)),_xlfn._xlws.FILTER(All_Detail!I$2:I$740,(All_Detail!I$2:I$740>=TODAY()-WEEKDAY(TODAY(),2)+1)*(All_Detail!I$2:I$740<=TODAY()-WEEKDAY(TODAY(),2)+7)),1),30),"") | B92: =IFERROR(INDEX(_xlfn.SORTBY(_xlfn._xlws.FILTER(All_Detail!C$2:C$740,(All_Detail!I$2:I$740>=TODAY()-WEEKDAY(TODAY(),2)+1)*(All_Detail!I$2:I$740<=TODAY()-WEEKDAY(TODAY(),2)+7)),_xlfn._xlws.FILTER(All_Detail!I$2:I$740,(All_Detail!I$2:I$740>=TODAY()-WEEKDAY(TODAY(),2)+1)*(All_Detail!I$2:I$740<=TODAY()-WEEKDAY(TODAY(),2)+7)),1),30),"") | C92: =IFERROR(INDEX(_xlfn.SORTBY(_xlfn._xlws.FILTER(All_Detail!D$2:D$740,(All_Detail!I$2:I$740>=TODAY()-WEEKDAY(TODAY(),2)+1)*(All_Detail!I$2:I$740<=TODAY()-WEEKDAY(TODAY(),2)+7)),_xlfn._xlws.FILTER(All_Detail!I$2:I$740,(All_Detail!I$2:I$740>=TODAY()-WEEKDAY(TODAY(),2)+1)*(All_Detail!I$2:I$740<=TODAY()-WEEKDAY(TODAY(),2)+7)),1),30),"") | D92: =IFERROR(INDEX(_xlfn.SORTBY(_xlfn._xlws.FILTER(All_Detail!E$2:E$740,(All_Detail!I$2:I$740>=TODAY()-WEEKDAY(TODAY(),2)+1)*(All_Detail!I$2:I$740<=TODAY()-WEEKDAY(TODAY(),2)+7)),_xlfn._xlws.FILTER(All_Detail!I$2:I$740,(All_Detail!I$2:I$740>=TODAY()-WEEKDAY(TODAY(),2)+1)*(All_Detail!I$2:I$740<=TODAY()-WEEKDAY(TODAY(),2)+7)),1),30),"") | E92: =IFERROR(INDEX(_xlfn.SORTBY(_xlfn._xlws.FILTER(All_Detail!F$2:F$740,(All_Detail!I$2:I$740>=TODAY()-WEEKDAY(TODAY(),2)+1)*(All_Detail!I$2:I$740<=TODAY()-WEEKDAY(TODAY(),2)+7)),_xlfn._xlws.FILTER(All_Detail!I$2:I$740,(All_Detail!I$2:I$740>=TODAY()-WEEKDAY(TODAY(),2)+1)*(All_Detail!I$2:I$740<=TODAY()-WEEKDAY(TODAY(),2)+7)),1),30),"") | F92: =IFERROR(INDEX(_xlfn.SORTBY(_xlfn._xlws.FILTER(All_Detail!I$2:I$740,(All_Detail!I$2:I$740>=TODAY()-WEEKDAY(TODAY(),2)+1)*(All_Detail!I$2:I$740<=TODAY()-WEEKDAY(TODAY(),2)+7)),_xlfn._xlws.FILTER(All_Detail!I$2:I$740,(All_Detail!I$2:I$740>=TODAY()-WEEKDAY(TODAY(),2)+1)*(All_Detail!I$2:I$740<=TODAY()-WEEKDAY(TODAY(),2)+7)),1),30),"") | G92: =IFERROR(INDEX(_xlfn.SORTBY(_xlfn._xlws.FILTER(All_Detail!J$2:J$740,(All_Detail!I$2:I$740>=TODAY()-WEEKDAY(TODAY(),2)+1)*(All_Detail!I$2:I$740<=TODAY()-WEEKDAY(TODAY(),2)+7)),_xlfn._xlws.FILTER(All_Detail!I$2:I$740,(All_Detail!I$2:I$740>=TODAY()-WEEKDAY(TODAY(),2)+1)*(All_Detail!I$2:I$740<=TODAY()-WEEKDAY(TODAY(),2)+7)),1),30),"") | H92: =IFERROR(INDEX(_xlfn.SORTBY(_xlfn._xlws.FILTER(All_Detail!P$2:P$740,(All_Detail!I$2:I$740>=TODAY()-WEEKDAY(TODAY(),2)+1)*(All_Detail!I$2:I$740<=TODAY()-WEEKDAY(TODAY(),2)+7)),_xlfn._xlws.FILTER(All_Detail!I$2:I$740,(All_Detail!I$2:I$740>=TODAY()-WEEKDAY(TODAY(),2)+1)*(All_Detail!I$2:I$740<=TODAY()-WEEKDAY(TODAY(),2)+7)),1),30),"")
A93: =IFERROR(INDEX(_xlfn.SORTBY(_xlfn._xlws.FILTER(All_Detail!B$2:B$740,(All_Detail!I$2:I$740>=TODAY()-WEEKDAY(TODAY(),2)+1)*(All_Detail!I$2:I$740<=TODAY()-WEEKDAY(TODAY(),2)+7)),_xlfn._xlws.FILTER(All_Detail!I$2:I$740,(All_Detail!I$2:I$740>=TODAY()-WEEKDAY(TODAY(),2)+1)*(All_Detail!I$2:I$740<=TODAY()-WEEKDAY(TODAY(),2)+7)),1),31),"") | B93: =IFERROR(INDEX(_xlfn.SORTBY(_xlfn._xlws.FILTER(All_Detail!C$2:C$740,(All_Detail!I$2:I$740>=TODAY()-WEEKDAY(TODAY(),2)+1)*(All_Detail!I$2:I$740<=TODAY()-WEEKDAY(TODAY(),2)+7)),_xlfn._xlws.FILTER(All_Detail!I$2:I$740,(All_Detail!I$2:I$740>=TODAY()-WEEKDAY(TODAY(),2)+1)*(All_Detail!I$2:I$740<=TODAY()-WEEKDAY(TODAY(),2)+7)),1),31),"") | C93: =IFERROR(INDEX(_xlfn.SORTBY(_xlfn._xlws.FILTER(All_Detail!D$2:D$740,(All_Detail!I$2:I$740>=TODAY()-WEEKDAY(TODAY(),2)+1)*(All_Detail!I$2:I$740<=TODAY()-WEEKDAY(TODAY(),2)+7)),_xlfn._xlws.FILTER(All_Detail!I$2:I$740,(All_Detail!I$2:I$740>=TODAY()-WEEKDAY(TODAY(),2)+1)*(All_Detail!I$2:I$740<=TODAY()-WEEKDAY(TODAY(),2)+7)),1),31),"") | D93: =IFERROR(INDEX(_xlfn.SORTBY(_xlfn._xlws.FILTER(All_Detail!E$2:E$740,(All_Detail!I$2:I$740>=TODAY()-WEEKDAY(TODAY(),2)+1)*(All_Detail!I$2:I$740<=TODAY()-WEEKDAY(TODAY(),2)+7)),_xlfn._xlws.FILTER(All_Detail!I$2:I$740,(All_Detail!I$2:I$740>=TODAY()-WEEKDAY(TODAY(),2)+1)*(All_Detail!I$2:I$740<=TODAY()-WEEKDAY(TODAY(),2)+7)),1),31),"") | E93: =IFERROR(INDEX(_xlfn.SORTBY(_xlfn._xlws.FILTER(All_Detail!F$2:F$740,(All_Detail!I$2:I$740>=TODAY()-WEEKDAY(TODAY(),2)+1)*(All_Detail!I$2:I$740<=TODAY()-WEEKDAY(TODAY(),2)+7)),_xlfn._xlws.FILTER(All_Detail!I$2:I$740,(All_Detail!I$2:I$740>=TODAY()-WEEKDAY(TODAY(),2)+1)*(All_Detail!I$2:I$740<=TODAY()-WEEKDAY(TODAY(),2)+7)),1),31),"") | F93: =IFERROR(INDEX(_xlfn.SORTBY(_xlfn._xlws.FILTER(All_Detail!I$2:I$740,(All_Detail!I$2:I$740>=TODAY()-WEEKDAY(TODAY(),2)+1)*(All_Detail!I$2:I$740<=TODAY()-WEEKDAY(TODAY(),2)+7)),_xlfn._xlws.FILTER(All_Detail!I$2:I$740,(All_Detail!I$2:I$740>=TODAY()-WEEKDAY(TODAY(),2)+1)*(All_Detail!I$2:I$740<=TODAY()-WEEKDAY(TODAY(),2)+7)),1),31),"") | G93: =IFERROR(INDEX(_xlfn.SORTBY(_xlfn._xlws.FILTER(All_Detail!J$2:J$740,(All_Detail!I$2:I$740>=TODAY()-WEEKDAY(TODAY(),2)+1)*(All_Detail!I$2:I$740<=TODAY()-WEEKDAY(TODAY(),2)+7)),_xlfn._xlws.FILTER(All_Detail!I$2:I$740,(All_Detail!I$2:I$740>=TODAY()-WEEKDAY(TODAY(),2)+1)*(All_Detail!I$2:I$740<=TODAY()-WEEKDAY(TODAY(),2)+7)),1),31),"") | H93: =IFERROR(INDEX(_xlfn.SORTBY(_xlfn._xlws.FILTER(All_Detail!P$2:P$740,(All_Detail!I$2:I$740>=TODAY()-WEEKDAY(TODAY(),2)+1)*(All_Detail!I$2:I$740<=TODAY()-WEEKDAY(TODAY(),2)+7)),_xlfn._xlws.FILTER(All_Detail!I$2:I$740,(All_Detail!I$2:I$740>=TODAY()-WEEKDAY(TODAY(),2)+1)*(All_Detail!I$2:I$740<=TODAY()-WEEKDAY(TODAY(),2)+7)),1),31),"")
A94: =IFERROR(INDEX(_xlfn.SORTBY(_xlfn._xlws.FILTER(All_Detail!B$2:B$740,(All_Detail!I$2:I$740>=TODAY()-WEEKDAY(TODAY(),2)+1)*(All_Detail!I$2:I$740<=TODAY()-WEEKDAY(TODAY(),2)+7)),_xlfn._xlws.FILTER(All_Detail!I$2:I$740,(All_Detail!I$2:I$740>=TODAY()-WEEKDAY(TODAY(),2)+1)*(All_Detail!I$2:I$740<=TODAY()-WEEKDAY(TODAY(),2)+7)),1),32),"")
A95: =IFERROR(INDEX(_xlfn.SORTBY(_xlfn._xlws.FILTER(All_Detail!B$2:B$740,(All_Detail!I$2:I$740>=TODAY()-WEEKDAY(TODAY(),2)+1)*(All_Detail!I$2:I$740<=TODAY()-WEEKDAY(TODAY(),2)+7)),_xlfn._xlws.FILTER(All_Detail!I$2:I$740,(All_Detail!I$2:I$740>=TODAY()-WEEKDAY(TODAY(),2)+1)*(All_Detail!I$2:I$740<=TODAY()-WEEKDAY(TODAY(),2)+7)),1),33),"") | B95: =IFERROR(INDEX(_xlfn.SORTBY(_xlfn._xlws.FILTER(All_Detail!C$2:C$740,(All_Detail!I$2:I$740>=TODAY()-WEEKDAY(TODAY(),2)+1)*(All_Detail!I$2:I$740<=TODAY()-WEEKDAY(TODAY(),2)+7)),_xlfn._xlws.FILTER(All_Detail!I$2:I$740,(All_Detail!I$2:I$740>=TODAY()-WEEKDAY(TODAY(),2)+1)*(All_Detail!I$2:I$740<=TODAY()-WEEKDAY(TODAY(),2)+7)),1),33),"") | C95: =IFERROR(INDEX(_xlfn.SORTBY(_xlfn._xlws.FILTER(All_Detail!D$2:D$740,(All_Detail!I$2:I$740>=TODAY()-WEEKDAY(TODAY(),2)+1)*(All_Detail!I$2:I$740<=TODAY()-WEEKDAY(TODAY(),2)+7)),_xlfn._xlws.FILTER(All_Detail!I$2:I$740,(All_Detail!I$2:I$740>=TODAY()-WEEKDAY(TODAY(),2)+1)*(All_Detail!I$2:I$740<=TODAY()-WEEKDAY(TODAY(),2)+7)),1),33),"") | D95: =IFERROR(INDEX(_xlfn.SORTBY(_xlfn._xlws.FILTER(All_Detail!E$2:E$740,(All_Detail!I$2:I$740>=TODAY()-WEEKDAY(TODAY(),2)+1)*(All_Detail!I$2:I$740<=TODAY()-WEEKDAY(TODAY(),2)+7)),_xlfn._xlws.FILTER(All_Detail!I$2:I$740,(All_Detail!I$2:I$740>=TODAY()-WEEKDAY(TODAY(),2)+1)*(All_Detail!I$2:I$740<=TODAY()-WEEKDAY(TODAY(),2)+7)),1),33),"") | E95: =IFERROR(INDEX(_xlfn.SORTBY(_xlfn._xlws.FILTER(All_Detail!F$2:F$740,(All_Detail!I$2:I$740>=TODAY()-WEEKDAY(TODAY(),2)+1)*(All_Detail!I$2:I$740<=TODAY()-WEEKDAY(TODAY(),2)+7)),_xlfn._xlws.FILTER(All_Detail!I$2:I$740,(All_Detail!I$2:I$740>=TODAY()-WEEKDAY(TODAY(),2)+1)*(All_Detail!I$2:I$740<=TODAY()-WEEKDAY(TODAY(),2)+7)),1),33),"") | F95: =IFERROR(INDEX(_xlfn.SORTBY(_xlfn._xlws.FILTER(All_Detail!I$2:I$740,(All_Detail!I$2:I$740>=TODAY()-WEEKDAY(TODAY(),2)+1)*(All_Detail!I$2:I$740<=TODAY()-WEEKDAY(TODAY(),2)+7)),_xlfn._xlws.FILTER(All_Detail!I$2:I$740,(All_Detail!I$2:I$740>=TODAY()-WEEKDAY(TODAY(),2)+1)*(All_Detail!I$2:I$740<=TODAY()-WEEKDAY(TODAY(),2)+7)),1),33),"") | G95: =IFERROR(INDEX(_xlfn.SORTBY(_xlfn._xlws.FILTER(All_Detail!J$2:J$740,(All_Detail!I$2:I$740>=TODAY()-WEEKDAY(TODAY(),2)+1)*(All_Detail!I$2:I$740<=TODAY()-WEEKDAY(TODAY(),2)+7)),_xlfn._xlws.FILTER(All_Detail!I$2:I$740,(All_Detail!I$2:I$740>=TODAY()-WEEKDAY(TODAY(),2)+1)*(All_Detail!I$2:I$740<=TODAY()-WEEKDAY(TODAY(),2)+7)),1),33),"") | H95: =IFERROR(INDEX(_xlfn.SORTBY(_xlfn._xlws.FILTER(All_Detail!P$2:P$740,(All_Detail!I$2:I$740>=TODAY()-WEEKDAY(TODAY(),2)+1)*(All_Detail!I$2:I$740<=TODAY()-WEEKDAY(TODAY(),2)+7)),_xlfn._xlws.FILTER(All_Detail!I$2:I$740,(All_Detail!I$2:I$740>=TODAY()-WEEKDAY(TODAY(),2)+1)*(All_Detail!I$2:I$740<=TODAY()-WEEKDAY(TODAY(),2)+7)),1),33),"")
A96: =IFERROR(INDEX(_xlfn.SORTBY(_xlfn._xlws.FILTER(All_Detail!B$2:B$740,(All_Detail!I$2:I$740>=TODAY()-WEEKDAY(TODAY(),2)+1)*(All_Detail!I$2:I$740<=TODAY()-WEEKDAY(TODAY(),2)+7)),_xlfn._xlws.FILTER(All_Detail!I$2:I$740,(All_Detail!I$2:I$740>=TODAY()-WEEKDAY(TODAY(),2)+1)*(All_Detail!I$2:I$740<=TODAY()-WEEKDAY(TODAY(),2)+7)),1),34),"") | B96: =IFERROR(INDEX(_xlfn.SORTBY(_xlfn._xlws.FILTER(All_Detail!C$2:C$740,(All_Detail!I$2:I$740>=TODAY()-WEEKDAY(TODAY(),2)+1)*(All_Detail!I$2:I$740<=TODAY()-WEEKDAY(TODAY(),2)+7)),_xlfn._xlws.FILTER(All_Detail!I$2:I$740,(All_Detail!I$2:I$740>=TODAY()-WEEKDAY(TODAY(),2)+1)*(All_Detail!I$2:I$740<=TODAY()-WEEKDAY(TODAY(),2)+7)),1),34),"") | C96: =IFERROR(INDEX(_xlfn.SORTBY(_xlfn._xlws.FILTER(All_Detail!D$2:D$740,(All_Detail!I$2:I$740>=TODAY()-WEEKDAY(TODAY(),2)+1)*(All_Detail!I$2:I$740<=TODAY()-WEEKDAY(TODAY(),2)+7)),_xlfn._xlws.FILTER(All_Detail!I$2:I$740,(All_Detail!I$2:I$740>=TODAY()-WEEKDAY(TODAY(),2)+1)*(All_Detail!I$2:I$740<=TODAY()-WEEKDAY(TODAY(),2)+7)),1),34),"") | D96: =IFERROR(INDEX(_xlfn.SORTBY(_xlfn._xlws.FILTER(All_Detail!E$2:E$740,(All_Detail!I$2:I$740>=TODAY()-WEEKDAY(TODAY(),2)+1)*(All_Detail!I$2:I$740<=TODAY()-WEEKDAY(TODAY(),2)+7)),_xlfn._xlws.FILTER(All_Detail!I$2:I$740,(All_Detail!I$2:I$740>=TODAY()-WEEKDAY(TODAY(),2)+1)*(All_Detail!I$2:I$740<=TODAY()-WEEKDAY(TODAY(),2)+7)),1),34),"") | E96: =IFERROR(INDEX(_xlfn.SORTBY(_xlfn._xlws.FILTER(All_Detail!F$2:F$740,(All_Detail!I$2:I$740>=TODAY()-WEEKDAY(TODAY(),2)+1)*(All_Detail!I$2:I$740<=TODAY()-WEEKDAY(TODAY(),2)+7)),_xlfn._xlws.FILTER(All_Detail!I$2:I$740,(All_Detail!I$2:I$740>=TODAY()-WEEKDAY(TODAY(),2)+1)*(All_Detail!I$2:I$740<=TODAY()-WEEKDAY(TODAY(),2)+7)),1),34),"") | F96: =IFERROR(INDEX(_xlfn.SORTBY(_xlfn._xlws.FILTER(All_Detail!I$2:I$740,(All_Detail!I$2:I$740>=TODAY()-WEEKDAY(TODAY(),2)+1)*(All_Detail!I$2:I$740<=TODAY()-WEEKDAY(TODAY(),2)+7)),_xlfn._xlws.FILTER(All_Detail!I$2:I$740,(All_Detail!I$2:I$740>=TODAY()-WEEKDAY(TODAY(),2)+1)*(All_Detail!I$2:I$740<=TODAY()-WEEKDAY(TODAY(),2)+7)),1),34),"") | G96: =IFERROR(INDEX(_xlfn.SORTBY(_xlfn._xlws.FILTER(All_Detail!J$2:J$740,(All_Detail!I$2:I$740>=TODAY()-WEEKDAY(TODAY(),2)+1)*(All_Detail!I$2:I$740<=TODAY()-WEEKDAY(TODAY(),2)+7)),_xlfn._xlws.FILTER(All_Detail!I$2:I$740,(All_Detail!I$2:I$740>=TODAY()-WEEKDAY(TODAY(),2)+1)*(All_Detail!I$2:I$740<=TODAY()-WEEKDAY(TODAY(),2)+7)),1),34),"") | H96: =IFERROR(INDEX(_xlfn.SORTBY(_xlfn._xlws.FILTER(All_Detail!P$2:P$740,(All_Detail!I$2:I$740>=TODAY()-WEEKDAY(TODAY(),2)+1)*(All_Detail!I$2:I$740<=TODAY()-WEEKDAY(TODAY(),2)+7)),_xlfn._xlws.FILTER(All_Detail!I$2:I$740,(All_Detail!I$2:I$740>=TODAY()-WEEKDAY(TODAY(),2)+1)*(All_Detail!I$2:I$740<=TODAY()-WEEKDAY(TODAY(),2)+7)),1),34),"")
A97: =IFERROR(INDEX(_xlfn.SORTBY(_xlfn._xlws.FILTER(All_Detail!B$2:B$740,(All_Detail!I$2:I$740>=TODAY()-WEEKDAY(TODAY(),2)+1)*(All_Detail!I$2:I$740<=TODAY()-WEEKDAY(TODAY(),2)+7)),_xlfn._xlws.FILTER(All_Detail!I$2:I$740,(All_Detail!I$2:I$740>=TODAY()-WEEKDAY(TODAY(),2)+1)*(All_Detail!I$2:I$740<=TODAY()-WEEKDAY(TODAY(),2)+7)),1),35),"") | B97: =IFERROR(INDEX(_xlfn.SORTBY(_xlfn._xlws.FILTER(All_Detail!C$2:C$740,(All_Detail!I$2:I$740>=TODAY()-WEEKDAY(TODAY(),2)+1)*(All_Detail!I$2:I$740<=TODAY()-WEEKDAY(TODAY(),2)+7)),_xlfn._xlws.FILTER(All_Detail!I$2:I$740,(All_Detail!I$2:I$740>=TODAY()-WEEKDAY(TODAY(),2)+1)*(All_Detail!I$2:I$740<=TODAY()-WEEKDAY(TODAY(),2)+7)),1),35),"") | C97: =IFERROR(INDEX(_xlfn.SORTBY(_xlfn._xlws.FILTER(All_Detail!D$2:D$740,(All_Detail!I$2:I$740>=TODAY()-WEEKDAY(TODAY(),2)+1)*(All_Detail!I$2:I$740<=TODAY()-WEEKDAY(TODAY(),2)+7)),_xlfn._xlws.FILTER(All_Detail!I$2:I$740,(All_Detail!I$2:I$740>=TODAY()-WEEKDAY(TODAY(),2)+1)*(All_Detail!I$2:I$740<=TODAY()-WEEKDAY(TODAY(),2)+7)),1),35),"") | D97: =IFERROR(INDEX(_xlfn.SORTBY(_xlfn._xlws.FILTER(All_Detail!E$2:E$740,(All_Detail!I$2:I$740>=TODAY()-WEEKDAY(TODAY(),2)+1)*(All_Detail!I$2:I$740<=TODAY()-WEEKDAY(TODAY(),2)+7)),_xlfn._xlws.FILTER(All_Detail!I$2:I$740,(All_Detail!I$2:I$740>=TODAY()-WEEKDAY(TODAY(),2)+1)*(All_Detail!I$2:I$740<=TODAY()-WEEKDAY(TODAY(),2)+7)),1),35),"") | E97: =IFERROR(INDEX(_xlfn.SORTBY(_xlfn._xlws.FILTER(All_Detail!F$2:F$740,(All_Detail!I$2:I$740>=TODAY()-WEEKDAY(TODAY(),2)+1)*(All_Detail!I$2:I$740<=TODAY()-WEEKDAY(TODAY(),2)+7)),_xlfn._xlws.FILTER(All_Detail!I$2:I$740,(All_Detail!I$2:I$740>=TODAY()-WEEKDAY(TODAY(),2)+1)*(All_Detail!I$2:I$740<=TODAY()-WEEKDAY(TODAY(),2)+7)),1),35),"") | F97: =IFERROR(INDEX(_xlfn.SORTBY(_xlfn._xlws.FILTER(All_Detail!I$2:I$740,(All_Detail!I$2:I$740>=TODAY()-WEEKDAY(TODAY(),2)+1)*(All_Detail!I$2:I$740<=TODAY()-WEEKDAY(TODAY(),2)+7)),_xlfn._xlws.FILTER(All_Detail!I$2:I$740,(All_Detail!I$2:I$740>=TODAY()-WEEKDAY(TODAY(),2)+1)*(All_Detail!I$2:I$740<=TODAY()-WEEKDAY(TODAY(),2)+7)),1),35),"") | G97: =IFERROR(INDEX(_xlfn.SORTBY(_xlfn._xlws.FILTER(All_Detail!J$2:J$740,(All_Detail!I$2:I$740>=TODAY()-WEEKDAY(TODAY(),2)+1)*(All_Detail!I$2:I$740<=TODAY()-WEEKDAY(TODAY(),2)+7)),_xlfn._xlws.FILTER(All_Detail!I$2:I$740,(All_Detail!I$2:I$740>=TODAY()-WEEKDAY(TODAY(),2)+1)*(All_Detail!I$2:I$740<=TODAY()-WEEKDAY(TODAY(),2)+7)),1),35),"") | H97: =IFERROR(INDEX(_xlfn.SORTBY(_xlfn._xlws.FILTER(All_Detail!P$2:P$740,(All_Detail!I$2:I$740>=TODAY()-WEEKDAY(TODAY(),2)+1)*(All_Detail!I$2:I$740<=TODAY()-WEEKDAY(TODAY(),2)+7)),_xlfn._xlws.FILTER(All_Detail!I$2:I$740,(All_Detail!I$2:I$740>=TODAY()-WEEKDAY(TODAY(),2)+1)*(All_Detail!I$2:I$740<=TODAY()-WEEKDAY(TODAY(),2)+7)),1),35),"")
A98: =IFERROR(INDEX(_xlfn.SORTBY(_xlfn._xlws.FILTER(All_Detail!B$2:B$740,(All_Detail!I$2:I$740>=TODAY()-WEEKDAY(TODAY(),2)+1)*(All_Detail!I$2:I$740<=TODAY()-WEEKDAY(TODAY(),2)+7)),_xlfn._xlws.FILTER(All_Detail!I$2:I$740,(All_Detail!I$2:I$740>=TODAY()-WEEKDAY(TODAY(),2)+1)*(All_Detail!I$2:I$740<=TODAY()-WEEKDAY(TODAY(),2)+7)),1),36),"") | B98: =IFERROR(INDEX(_xlfn.SORTBY(_xlfn._xlws.FILTER(All_Detail!C$2:C$740,(All_Detail!I$2:I$740>=TODAY()-WEEKDAY(TODAY(),2)+1)*(All_Detail!I$2:I$740<=TODAY()-WEEKDAY(TODAY(),2)+7)),_xlfn._xlws.FILTER(All_Detail!I$2:I$740,(All_Detail!I$2:I$740>=TODAY()-WEEKDAY(TODAY(),2)+1)*(All_Detail!I$2:I$740<=TODAY()-WEEKDAY(TODAY(),2)+7)),1),36),"") | C98: =IFERROR(INDEX(_xlfn.SORTBY(_xlfn._xlws.FILTER(All_Detail!D$2:D$740,(All_Detail!I$2:I$740>=TODAY()-WEEKDAY(TODAY(),2)+1)*(All_Detail!I$2:I$740<=TODAY()-WEEKDAY(TODAY(),2)+7)),_xlfn._xlws.FILTER(All_Detail!I$2:I$740,(All_Detail!I$2:I$740>=TODAY()-WEEKDAY(TODAY(),2)+1)*(All_Detail!I$2:I$740<=TODAY()-WEEKDAY(TODAY(),2)+7)),1),36),"") | D98: =IFERROR(INDEX(_xlfn.SORTBY(_xlfn._xlws.FILTER(All_Detail!E$2:E$740,(All_Detail!I$2:I$740>=TODAY()-WEEKDAY(TODAY(),2)+1)*(All_Detail!I$2:I$740<=TODAY()-WEEKDAY(TODAY(),2)+7)),_xlfn._xlws.FILTER(All_Detail!I$2:I$740,(All_Detail!I$2:I$740>=TODAY()-WEEKDAY(TODAY(),2)+1)*(All_Detail!I$2:I$740<=TODAY()-WEEKDAY(TODAY(),2)+7)),1),36),"") | E98: =IFERROR(INDEX(_xlfn.SORTBY(_xlfn._xlws.FILTER(All_Detail!F$2:F$740,(All_Detail!I$2:I$740>=TODAY()-WEEKDAY(TODAY(),2)+1)*(All_Detail!I$2:I$740<=TODAY()-WEEKDAY(TODAY(),2)+7)),_xlfn._xlws.FILTER(All_Detail!I$2:I$740,(All_Detail!I$2:I$740>=TODAY()-WEEKDAY(TODAY(),2)+1)*(All_Detail!I$2:I$740<=TODAY()-WEEKDAY(TODAY(),2)+7)),1),36),"") | F98: =IFERROR(INDEX(_xlfn.SORTBY(_xlfn._xlws.FILTER(All_Detail!I$2:I$740,(All_Detail!I$2:I$740>=TODAY()-WEEKDAY(TODAY(),2)+1)*(All_Detail!I$2:I$740<=TODAY()-WEEKDAY(TODAY(),2)+7)),_xlfn._xlws.FILTER(All_Detail!I$2:I$740,(All_Detail!I$2:I$740>=TODAY()-WEEKDAY(TODAY(),2)+1)*(All_Detail!I$2:I$740<=TODAY()-WEEKDAY(TODAY(),2)+7)),1),36),"") | G98: =IFERROR(INDEX(_xlfn.SORTBY(_xlfn._xlws.FILTER(All_Detail!J$2:J$740,(All_Detail!I$2:I$740>=TODAY()-WEEKDAY(TODAY(),2)+1)*(All_Detail!I$2:I$740<=TODAY()-WEEKDAY(TODAY(),2)+7)),_xlfn._xlws.FILTER(All_Detail!I$2:I$740,(All_Detail!I$2:I$740>=TODAY()-WEEKDAY(TODAY(),2)+1)*(All_Detail!I$2:I$740<=TODAY()-WEEKDAY(TODAY(),2)+7)),1),36),"") | H98: =IFERROR(INDEX(_xlfn.SORTBY(_xlfn._xlws.FILTER(All_Detail!P$2:P$740,(All_Detail!I$2:I$740>=TODAY()-WEEKDAY(TODAY(),2)+1)*(All_Detail!I$2:I$740<=TODAY()-WEEKDAY(TODAY(),2)+7)),_xlfn._xlws.FILTER(All_Detail!I$2:I$740,(All_Detail!I$2:I$740>=TODAY()-WEEKDAY(TODAY(),2)+1)*(All_Detail!I$2:I$740<=TODAY()-WEEKDAY(TODAY(),2)+7)),1),36),"")
A99: =IFERROR(INDEX(_xlfn.SORTBY(_xlfn._xlws.FILTER(All_Detail!B$2:B$740,(All_Detail!I$2:I$740>=TODAY()-WEEKDAY(TODAY(),2)+1)*(All_Detail!I$2:I$740<=TODAY()-WEEKDAY(TODAY(),2)+7)),_xlfn._xlws.FILTER(All_Detail!I$2:I$740,(All_Detail!I$2:I$740>=TODAY()-WEEKDAY(TODAY(),2)+1)*(All_Detail!I$2:I$740<=TODAY()-WEEKDAY(TODAY(),2)+7)),1),37),"") | B99: =IFERROR(INDEX(_xlfn.SORTBY(_xlfn._xlws.FILTER(All_Detail!C$2:C$740,(All_Detail!I$2:I$740>=TODAY()-WEEKDAY(TODAY(),2)+1)*(All_Detail!I$2:I$740<=TODAY()-WEEKDAY(TODAY(),2)+7)),_xlfn._xlws.FILTER(All_Detail!I$2:I$740,(All_Detail!I$2:I$740>=TODAY()-WEEKDAY(TODAY(),2)+1)*(All_Detail!I$2:I$740<=TODAY()-WEEKDAY(TODAY(),2)+7)),1),37),"") | C99: =IFERROR(INDEX(_xlfn.SORTBY(_xlfn._xlws.FILTER(All_Detail!D$2:D$740,(All_Detail!I$2:I$740>=TODAY()-WEEKDAY(TODAY(),2)+1)*(All_Detail!I$2:I$740<=TODAY()-WEEKDAY(TODAY(),2)+7)),_xlfn._xlws.FILTER(All_Detail!I$2:I$740,(All_Detail!I$2:I$740>=TODAY()-WEEKDAY(TODAY(),2)+1)*(All_Detail!I$2:I$740<=TODAY()-WEEKDAY(TODAY(),2)+7)),1),37),"") | D99: =IFERROR(INDEX(_xlfn.SORTBY(_xlfn._xlws.FILTER(All_Detail!E$2:E$740,(All_Detail!I$2:I$740>=TODAY()-WEEKDAY(TODAY(),2)+1)*(All_Detail!I$2:I$740<=TODAY()-WEEKDAY(TODAY(),2)+7)),_xlfn._xlws.FILTER(All_Detail!I$2:I$740,(All_Detail!I$2:I$740>=TODAY()-WEEKDAY(TODAY(),2)+1)*(All_Detail!I$2:I$740<=TODAY()-WEEKDAY(TODAY(),2)+7)),1),37),"") | E99: =IFERROR(INDEX(_xlfn.SORTBY(_xlfn._xlws.FILTER(All_Detail!F$2:F$740,(All_Detail!I$2:I$740>=TODAY()-WEEKDAY(TODAY(),2)+1)*(All_Detail!I$2:I$740<=TODAY()-WEEKDAY(TODAY(),2)+7)),_xlfn._xlws.FILTER(All_Detail!I$2:I$740,(All_Detail!I$2:I$740>=TODAY()-WEEKDAY(TODAY(),2)+1)*(All_Detail!I$2:I$740<=TODAY()-WEEKDAY(TODAY(),2)+7)),1),37),"") | F99: =IFERROR(INDEX(_xlfn.SORTBY(_xlfn._xlws.FILTER(All_Detail!I$2:I$740,(All_Detail!I$2:I$740>=TODAY()-WEEKDAY(TODAY(),2)+1)*(All_Detail!I$2:I$740<=TODAY()-WEEKDAY(TODAY(),2)+7)),_xlfn._xlws.FILTER(All_Detail!I$2:I$740,(All_Detail!I$2:I$740>=TODAY()-WEEKDAY(TODAY(),2)+1)*(All_Detail!I$2:I$740<=TODAY()-WEEKDAY(TODAY(),2)+7)),1),37),"") | G99: =IFERROR(INDEX(_xlfn.SORTBY(_xlfn._xlws.FILTER(All_Detail!J$2:J$740,(All_Detail!I$2:I$740>=TODAY()-WEEKDAY(TODAY(),2)+1)*(All_Detail!I$2:I$740<=TODAY()-WEEKDAY(TODAY(),2)+7)),_xlfn._xlws.FILTER(All_Detail!I$2:I$740,(All_Detail!I$2:I$740>=TODAY()-WEEKDAY(TODAY(),2)+1)*(All_Detail!I$2:I$740<=TODAY()-WEEKDAY(TODAY(),2)+7)),1),37),"") | H99: =IFERROR(INDEX(_xlfn.SORTBY(_xlfn._xlws.FILTER(All_Detail!P$2:P$740,(All_Detail!I$2:I$740>=TODAY()-WEEKDAY(TODAY(),2)+1)*(All_Detail!I$2:I$740<=TODAY()-WEEKDAY(TODAY(),2)+7)),_xlfn._xlws.FILTER(All_Detail!I$2:I$740,(All_Detail!I$2:I$740>=TODAY()-WEEKDAY(TODAY(),2)+1)*(All_Detail!I$2:I$740<=TODAY()-WEEKDAY(TODAY(),2)+7)),1),37),"")
A100: =IFERROR(INDEX(_xlfn.SORTBY(_xlfn._xlws.FILTER(All_Detail!B$2:B$740,(All_Detail!I$2:I$740>=TODAY()-WEEKDAY(TODAY(),2)+1)*(All_Detail!I$2:I$740<=TODAY()-WEEKDAY(TODAY(),2)+7)),_xlfn._xlws.FILTER(All_Detail!I$2:I$740,(All_Detail!I$2:I$740>=TODAY()-WEEKDAY(TODAY(),2)+1)*(All_Detail!I$2:I$740<=TODAY()-WEEKDAY(TODAY(),2)+7)),1),38),"") | B100: =IFERROR(INDEX(_xlfn.SORTBY(_xlfn._xlws.FILTER(All_Detail!C$2:C$740,(All_Detail!I$2:I$740>=TODAY()-WEEKDAY(TODAY(),2)+1)*(All_Detail!I$2:I$740<=TODAY()-WEEKDAY(TODAY(),2)+7)),_xlfn._xlws.FILTER(All_Detail!I$2:I$740,(All_Detail!I$2:I$740>=TODAY()-WEEKDAY(TODAY(),2)+1)*(All_Detail!I$2:I$740<=TODAY()-WEEKDAY(TODAY(),2)+7)),1),38),"") | C100: =IFERROR(INDEX(_xlfn.SORTBY(_xlfn._xlws.FILTER(All_Detail!D$2:D$740,(All_Detail!I$2:I$740>=TODAY()-WEEKDAY(TODAY(),2)+1)*(All_Detail!I$2:I$740<=TODAY()-WEEKDAY(TODAY(),2)+7)),_xlfn._xlws.FILTER(All_Detail!I$2:I$740,(All_Detail!I$2:I$740>=TODAY()-WEEKDAY(TODAY(),2)+1)*(All_Detail!I$2:I$740<=TODAY()-WEEKDAY(TODAY(),2)+7)),1),38),"") | D100: =IFERROR(INDEX(_xlfn.SORTBY(_xlfn._xlws.FILTER(All_Detail!E$2:E$740,(All_Detail!I$2:I$740>=TODAY()-WEEKDAY(TODAY(),2)+1)*(All_Detail!I$2:I$740<=TODAY()-WEEKDAY(TODAY(),2)+7)),_xlfn._xlws.FILTER(All_Detail!I$2:I$740,(All_Detail!I$2:I$740>=TODAY()-WEEKDAY(TODAY(),2)+1)*(All_Detail!I$2:I$740<=TODAY()-WEEKDAY(TODAY(),2)+7)),1),38),"") | E100: =IFERROR(INDEX(_xlfn.SORTBY(_xlfn._xlws.FILTER(All_Detail!F$2:F$740,(All_Detail!I$2:I$740>=TODAY()-WEEKDAY(TODAY(),2)+1)*(All_Detail!I$2:I$740<=TODAY()-WEEKDAY(TODAY(),2)+7)),_xlfn._xlws.FILTER(All_Detail!I$2:I$740,(All_Detail!I$2:I$740>=TODAY()-WEEKDAY(TODAY(),2)+1)*(All_Detail!I$2:I$740<=TODAY()-WEEKDAY(TODAY(),2)+7)),1),38),"") | F100: =IFERROR(INDEX(_xlfn.SORTBY(_xlfn._xlws.FILTER(All_Detail!I$2:I$740,(All_Detail!I$2:I$740>=TODAY()-WEEKDAY(TODAY(),2)+1)*(All_Detail!I$2:I$740<=TODAY()-WEEKDAY(TODAY(),2)+7)),_xlfn._xlws.FILTER(All_Detail!I$2:I$740,(All_Detail!I$2:I$740>=TODAY()-WEEKDAY(TODAY(),2)+1)*(All_Detail!I$2:I$740<=TODAY()-WEEKDAY(TODAY(),2)+7)),1),38),"") | G100: =IFERROR(INDEX(_xlfn.SORTBY(_xlfn._xlws.FILTER(All_Detail!J$2:J$740,(All_Detail!I$2:I$740>=TODAY()-WEEKDAY(TODAY(),2)+1)*(All_Detail!I$2:I$740<=TODAY()-WEEKDAY(TODAY(),2)+7)),_xlfn._xlws.FILTER(All_Detail!I$2:I$740,(All_Detail!I$2:I$740>=TODAY()-WEEKDAY(TODAY(),2)+1)*(All_Detail!I$2:I$740<=TODAY()-WEEKDAY(TODAY(),2)+7)),1),38),"") | H100: =IFERROR(INDEX(_xlfn.SORTBY(_xlfn._xlws.FILTER(All_Detail!P$2:P$740,(All_Detail!I$2:I$740>=TODAY()-WEEKDAY(TODAY(),2)+1)*(All_Detail!I$2:I$740<=TODAY()-WEEKDAY(TODAY(),2)+7)),_xlfn._xlws.FILTER(All_Detail!I$2:I$740,(All_Detail!I$2:I$740>=TODAY()-WEEKDAY(TODAY(),2)+1)*(All_Detail!I$2:I$740<=TODAY()-WEEKDAY(TODAY(),2)+7)),1),38),"")
A101: =IFERROR(INDEX(_xlfn.SORTBY(_xlfn._xlws.FILTER(All_Detail!B$2:B$740,(All_Detail!I$2:I$740>=TODAY()-WEEKDAY(TODAY(),2)+1)*(All_Detail!I$2:I$740<=TODAY()-WEEKDAY(TODAY(),2)+7)),_xlfn._xlws.FILTER(All_Detail!I$2:I$740,(All_Detail!I$2:I$740>=TODAY()-WEEKDAY(TODAY(),2)+1)*(All_Detail!I$2:I$740<=TODAY()-WEEKDAY(TODAY(),2)+7)),1),39),"") | B101: =IFERROR(INDEX(_xlfn.SORTBY(_xlfn._xlws.FILTER(All_Detail!C$2:C$740,(All_Detail!I$2:I$740>=TODAY()-WEEKDAY(TODAY(),2)+1)*(All_Detail!I$2:I$740<=TODAY()-WEEKDAY(TODAY(),2)+7)),_xlfn._xlws.FILTER(All_Detail!I$2:I$740,(All_Detail!I$2:I$740>=TODAY()-WEEKDAY(TODAY(),2)+1)*(All_Detail!I$2:I$740<=TODAY()-WEEKDAY(TODAY(),2)+7)),1),39),"") | C101: =IFERROR(INDEX(_xlfn.SORTBY(_xlfn._xlws.FILTER(All_Detail!D$2:D$740,(All_Detail!I$2:I$740>=TODAY()-WEEKDAY(TODAY(),2)+1)*(All_Detail!I$2:I$740<=TODAY()-WEEKDAY(TODAY(),2)+7)),_xlfn._xlws.FILTER(All_Detail!I$2:I$740,(All_Detail!I$2:I$740>=TODAY()-WEEKDAY(TODAY(),2)+1)*(All_Detail!I$2:I$740<=TODAY()-WEEKDAY(TODAY(),2)+7)),1),39),"") | D101: =IFERROR(INDEX(_xlfn.SORTBY(_xlfn._xlws.FILTER(All_Detail!E$2:E$740,(All_Detail!I$2:I$740>=TODAY()-WEEKDAY(TODAY(),2)+1)*(All_Detail!I$2:I$740<=TODAY()-WEEKDAY(TODAY(),2)+7)),_xlfn._xlws.FILTER(All_Detail!I$2:I$740,(All_Detail!I$2:I$740>=TODAY()-WEEKDAY(TODAY(),2)+1)*(All_Detail!I$2:I$740<=TODAY()-WEEKDAY(TODAY(),2)+7)),1),39),"") | E101: =IFERROR(INDEX(_xlfn.SORTBY(_xlfn._xlws.FILTER(All_Detail!F$2:F$740,(All_Detail!I$2:I$740>=TODAY()-WEEKDAY(TODAY(),2)+1)*(All_Detail!I$2:I$740<=TODAY()-WEEKDAY(TODAY(),2)+7)),_xlfn._xlws.FILTER(All_Detail!I$2:I$740,(All_Detail!I$2:I$740>=TODAY()-WEEKDAY(TODAY(),2)+1)*(All_Detail!I$2:I$740<=TODAY()-WEEKDAY(TODAY(),2)+7)),1),39),"") | F101: =IFERROR(INDEX(_xlfn.SORTBY(_xlfn._xlws.FILTER(All_Detail!I$2:I$740,(All_Detail!I$2:I$740>=TODAY()-WEEKDAY(TODAY(),2)+1)*(All_Detail!I$2:I$740<=TODAY()-WEEKDAY(TODAY(),2)+7)),_xlfn._xlws.FILTER(All_Detail!I$2:I$740,(All_Detail!I$2:I$740>=TODAY()-WEEKDAY(TODAY(),2)+1)*(All_Detail!I$2:I$740<=TODAY()-WEEKDAY(TODAY(),2)+7)),1),39),"") | G101: =IFERROR(INDEX(_xlfn.SORTBY(_xlfn._xlws.FILTER(All_Detail!J$2:J$740,(All_Detail!I$2:I$740>=TODAY()-WEEKDAY(TODAY(),2)+1)*(All_Detail!I$2:I$740<=TODAY()-WEEKDAY(TODAY(),2)+7)),_xlfn._xlws.FILTER(All_Detail!I$2:I$740,(All_Detail!I$2:I$740>=TODAY()-WEEKDAY(TODAY(),2)+1)*(All_Detail!I$2:I$740<=TODAY()-WEEKDAY(TODAY(),2)+7)),1),39),"") | H101: =IFERROR(INDEX(_xlfn.SORTBY(_xlfn._xlws.FILTER(All_Detail!P$2:P$740,(All_Detail!I$2:I$740>=TODAY()-WEEKDAY(TODAY(),2)+1)*(All_Detail!I$2:I$740<=TODAY()-WEEKDAY(TODAY(),2)+7)),_xlfn._xlws.FILTER(All_Detail!I$2:I$740,(All_Detail!I$2:I$740>=TODAY()-WEEKDAY(TODAY(),2)+1)*(All_Detail!I$2:I$740<=TODAY()-WEEKDAY(TODAY(),2)+7)),1),39),"")
A102: =IFERROR(INDEX(_xlfn.SORTBY(_xlfn._xlws.FILTER(All_Detail!B$2:B$740,(All_Detail!I$2:I$740>=TODAY()-WEEKDAY(TODAY(),2)+1)*(All_Detail!I$2:I$740<=TODAY()-WEEKDAY(TODAY(),2)+7)),_xlfn._xlws.FILTER(All_Detail!I$2:I$740,(All_Detail!I$2:I$740>=TODAY()-WEEKDAY(TODAY(),2)+1)*(All_Detail!I$2:I$740<=TODAY()-WEEKDAY(TODAY(),2)+7)),1),40),"") | B102: =IFERROR(INDEX(_xlfn.SORTBY(_xlfn._xlws.FILTER(All_Detail!C$2:C$740,(All_Detail!I$2:I$740>=TODAY()-WEEKDAY(TODAY(),2)+1)*(All_Detail!I$2:I$740<=TODAY()-WEEKDAY(TODAY(),2)+7)),_xlfn._xlws.FILTER(All_Detail!I$2:I$740,(All_Detail!I$2:I$740>=TODAY()-WEEKDAY(TODAY(),2)+1)*(All_Detail!I$2:I$740<=TODAY()-WEEKDAY(TODAY(),2)+7)),1),40),"") | C102: =IFERROR(INDEX(_xlfn.SORTBY(_xlfn._xlws.FILTER(All_Detail!D$2:D$740,(All_Detail!I$2:I$740>=TODAY()-WEEKDAY(TODAY(),2)+1)*(All_Detail!I$2:I$740<=TODAY()-WEEKDAY(TODAY(),2)+7)),_xlfn._xlws.FILTER(All_Detail!I$2:I$740,(All_Detail!I$2:I$740>=TODAY()-WEEKDAY(TODAY(),2)+1)*(All_Detail!I$2:I$740<=TODAY()-WEEKDAY(TODAY(),2)+7)),1),40),"") | D102: =IFERROR(INDEX(_xlfn.SORTBY(_xlfn._xlws.FILTER(All_Detail!E$2:E$740,(All_Detail!I$2:I$740>=TODAY()-WEEKDAY(TODAY(),2)+1)*(All_Detail!I$2:I$740<=TODAY()-WEEKDAY(TODAY(),2)+7)),_xlfn._xlws.FILTER(All_Detail!I$2:I$740,(All_Detail!I$2:I$740>=TODAY()-WEEKDAY(TODAY(),2)+1)*(All_Detail!I$2:I$740<=TODAY()-WEEKDAY(TODAY(),2)+7)),1),40),"") | E102: =IFERROR(INDEX(_xlfn.SORTBY(_xlfn._xlws.FILTER(All_Detail!F$2:F$740,(All_Detail!I$2:I$740>=TODAY()-WEEKDAY(TODAY(),2)+1)*(All_Detail!I$2:I$740<=TODAY()-WEEKDAY(TODAY(),2)+7)),_xlfn._xlws.FILTER(All_Detail!I$2:I$740,(All_Detail!I$2:I$740>=TODAY()-WEEKDAY(TODAY(),2)+1)*(All_Detail!I$2:I$740<=TODAY()-WEEKDAY(TODAY(),2)+7)),1),40),"") | F102: =IFERROR(INDEX(_xlfn.SORTBY(_xlfn._xlws.FILTER(All_Detail!I$2:I$740,(All_Detail!I$2:I$740>=TODAY()-WEEKDAY(TODAY(),2)+1)*(All_Detail!I$2:I$740<=TODAY()-WEEKDAY(TODAY(),2)+7)),_xlfn._xlws.FILTER(All_Detail!I$2:I$740,(All_Detail!I$2:I$740>=TODAY()-WEEKDAY(TODAY(),2)+1)*(All_Detail!I$2:I$740<=TODAY()-WEEKDAY(TODAY(),2)+7)),1),40),"") | G102: =IFERROR(INDEX(_xlfn.SORTBY(_xlfn._xlws.FILTER(All_Detail!J$2:J$740,(All_Detail!I$2:I$740>=TODAY()-WEEKDAY(TODAY(),2)+1)*(All_Detail!I$2:I$740<=TODAY()-WEEKDAY(TODAY(),2)+7)),_xlfn._xlws.FILTER(All_Detail!I$2:I$740,(All_Detail!I$2:I$740>=TODAY()-WEEKDAY(TODAY(),2)+1)*(All_Detail!I$2:I$740<=TODAY()-WEEKDAY(TODAY(),2)+7)),1),40),"") | H102: =IFERROR(INDEX(_xlfn.SORTBY(_xlfn._xlws.FILTER(All_Detail!P$2:P$740,(All_Detail!I$2:I$740>=TODAY()-WEEKDAY(TODAY(),2)+1)*(All_Detail!I$2:I$740<=TODAY()-WEEKDAY(TODAY(),2)+7)),_xlfn._xlws.FILTER(All_Detail!I$2:I$740,(All_Detail!I$2:I$740>=TODAY()-WEEKDAY(TODAY(),2)+1)*(All_Detail!I$2:I$740<=TODAY()-WEEKDAY(TODAY(),2)+7)),1),40),"")
A103: =IFERROR(INDEX(_xlfn.SORTBY(_xlfn._xlws.FILTER(All_Detail!B$2:B$740,(All_Detail!I$2:I$740>=TODAY()-WEEKDAY(TODAY(),2)+1)*(All_Detail!I$2:I$740<=TODAY()-WEEKDAY(TODAY(),2)+7)),_xlfn._xlws.FILTER(All_Detail!I$2:I$740,(All_Detail!I$2:I$740>=TODAY()-WEEKDAY(TODAY(),2)+1)*(All_Detail!I$2:I$740<=TODAY()-WEEKDAY(TODAY(),2)+7)),1),41),"") | B103: =IFERROR(INDEX(_xlfn.SORTBY(_xlfn._xlws.FILTER(All_Detail!C$2:C$740,(All_Detail!I$2:I$740>=TODAY()-WEEKDAY(TODAY(),2)+1)*(All_Detail!I$2:I$740<=TODAY()-WEEKDAY(TODAY(),2)+7)),_xlfn._xlws.FILTER(All_Detail!I$2:I$740,(All_Detail!I$2:I$740>=TODAY()-WEEKDAY(TODAY(),2)+1)*(All_Detail!I$2:I$740<=TODAY()-WEEKDAY(TODAY(),2)+7)),1),41),"") | C103: =IFERROR(INDEX(_xlfn.SORTBY(_xlfn._xlws.FILTER(All_Detail!D$2:D$740,(All_Detail!I$2:I$740>=TODAY()-WEEKDAY(TODAY(),2)+1)*(All_Detail!I$2:I$740<=TODAY()-WEEKDAY(TODAY(),2)+7)),_xlfn._xlws.FILTER(All_Detail!I$2:I$740,(All_Detail!I$2:I$740>=TODAY()-WEEKDAY(TODAY(),2)+1)*(All_Detail!I$2:I$740<=TODAY()-WEEKDAY(TODAY(),2)+7)),1),41),"") | D103: =IFERROR(INDEX(_xlfn.SORTBY(_xlfn._xlws.FILTER(All_Detail!E$2:E$740,(All_Detail!I$2:I$740>=TODAY()-WEEKDAY(TODAY(),2)+1)*(All_Detail!I$2:I$740<=TODAY()-WEEKDAY(TODAY(),2)+7)),_xlfn._xlws.FILTER(All_Detail!I$2:I$740,(All_Detail!I$2:I$740>=TODAY()-WEEKDAY(TODAY(),2)+1)*(All_Detail!I$2:I$740<=TODAY()-WEEKDAY(TODAY(),2)+7)),1),41),"") | E103: =IFERROR(INDEX(_xlfn.SORTBY(_xlfn._xlws.FILTER(All_Detail!F$2:F$740,(All_Detail!I$2:I$740>=TODAY()-WEEKDAY(TODAY(),2)+1)*(All_Detail!I$2:I$740<=TODAY()-WEEKDAY(TODAY(),2)+7)),_xlfn._xlws.FILTER(All_Detail!I$2:I$740,(All_Detail!I$2:I$740>=TODAY()-WEEKDAY(TODAY(),2)+1)*(All_Detail!I$2:I$740<=TODAY()-WEEKDAY(TODAY(),2)+7)),1),41),"") | F103: =IFERROR(INDEX(_xlfn.SORTBY(_xlfn._xlws.FILTER(All_Detail!I$2:I$740,(All_Detail!I$2:I$740>=TODAY()-WEEKDAY(TODAY(),2)+1)*(All_Detail!I$2:I$740<=TODAY()-WEEKDAY(TODAY(),2)+7)),_xlfn._xlws.FILTER(All_Detail!I$2:I$740,(All_Detail!I$2:I$740>=TODAY()-WEEKDAY(TODAY(),2)+1)*(All_Detail!I$2:I$740<=TODAY()-WEEKDAY(TODAY(),2)+7)),1),41),"") | G103: =IFERROR(INDEX(_xlfn.SORTBY(_xlfn._xlws.FILTER(All_Detail!J$2:J$740,(All_Detail!I$2:I$740>=TODAY()-WEEKDAY(TODAY(),2)+1)*(All_Detail!I$2:I$740<=TODAY()-WEEKDAY(TODAY(),2)+7)),_xlfn._xlws.FILTER(All_Detail!I$2:I$740,(All_Detail!I$2:I$740>=TODAY()-WEEKDAY(TODAY(),2)+1)*(All_Detail!I$2:I$740<=TODAY()-WEEKDAY(TODAY(),2)+7)),1),41),"") | H103: =IFERROR(INDEX(_xlfn.SORTBY(_xlfn._xlws.FILTER(All_Detail!P$2:P$740,(All_Detail!I$2:I$740>=TODAY()-WEEKDAY(TODAY(),2)+1)*(All_Detail!I$2:I$740<=TODAY()-WEEKDAY(TODAY(),2)+7)),_xlfn._xlws.FILTER(All_Detail!I$2:I$740,(All_Detail!I$2:I$740>=TODAY()-WEEKDAY(TODAY(),2)+1)*(All_Detail!I$2:I$740<=TODAY()-WEEKDAY(TODAY(),2)+7)),1),41),"")
A104: =IFERROR(INDEX(_xlfn.SORTBY(_xlfn._xlws.FILTER(All_Detail!B$2:B$740,(All_Detail!I$2:I$740>=TODAY()-WEEKDAY(TODAY(),2)+1)*(All_Detail!I$2:I$740<=TODAY()-WEEKDAY(TODAY(),2)+7)),_xlfn._xlws.FILTER(All_Detail!I$2:I$740,(All_Detail!I$2:I$740>=TODAY()-WEEKDAY(TODAY(),2)+1)*(All_Detail!I$2:I$740<=TODAY()-WEEKDAY(TODAY(),2)+7)),1),42),"") | B104: =IFERROR(INDEX(_xlfn.SORTBY(_xlfn._xlws.FILTER(All_Detail!C$2:C$740,(All_Detail!I$2:I$740>=TODAY()-WEEKDAY(TODAY(),2)+1)*(All_Detail!I$2:I$740<=TODAY()-WEEKDAY(TODAY(),2)+7)),_xlfn._xlws.FILTER(All_Detail!I$2:I$740,(All_Detail!I$2:I$740>=TODAY()-WEEKDAY(TODAY(),2)+1)*(All_Detail!I$2:I$740<=TODAY()-WEEKDAY(TODAY(),2)+7)),1),42),"") | C104: =IFERROR(INDEX(_xlfn.SORTBY(_xlfn._xlws.FILTER(All_Detail!D$2:D$740,(All_Detail!I$2:I$740>=TODAY()-WEEKDAY(TODAY(),2)+1)*(All_Detail!I$2:I$740<=TODAY()-WEEKDAY(TODAY(),2)+7)),_xlfn._xlws.FILTER(All_Detail!I$2:I$740,(All_Detail!I$2:I$740>=TODAY()-WEEKDAY(TODAY(),2)+1)*(All_Detail!I$2:I$740<=TODAY()-WEEKDAY(TODAY(),2)+7)),1),42),"") | D104: =IFERROR(INDEX(_xlfn.SORTBY(_xlfn._xlws.FILTER(All_Detail!E$2:E$740,(All_Detail!I$2:I$740>=TODAY()-WEEKDAY(TODAY(),2)+1)*(All_Detail!I$2:I$740<=TODAY()-WEEKDAY(TODAY(),2)+7)),_xlfn._xlws.FILTER(All_Detail!I$2:I$740,(All_Detail!I$2:I$740>=TODAY()-WEEKDAY(TODAY(),2)+1)*(All_Detail!I$2:I$740<=TODAY()-WEEKDAY(TODAY(),2)+7)),1),42),"") | E104: =IFERROR(INDEX(_xlfn.SORTBY(_xlfn._xlws.FILTER(All_Detail!F$2:F$740,(All_Detail!I$2:I$740>=TODAY()-WEEKDAY(TODAY(),2)+1)*(All_Detail!I$2:I$740<=TODAY()-WEEKDAY(TODAY(),2)+7)),_xlfn._xlws.FILTER(All_Detail!I$2:I$740,(All_Detail!I$2:I$740>=TODAY()-WEEKDAY(TODAY(),2)+1)*(All_Detail!I$2:I$740<=TODAY()-WEEKDAY(TODAY(),2)+7)),1),42),"") | F104: =IFERROR(INDEX(_xlfn.SORTBY(_xlfn._xlws.FILTER(All_Detail!I$2:I$740,(All_Detail!I$2:I$740>=TODAY()-WEEKDAY(TODAY(),2)+1)*(All_Detail!I$2:I$740<=TODAY()-WEEKDAY(TODAY(),2)+7)),_xlfn._xlws.FILTER(All_Detail!I$2:I$740,(All_Detail!I$2:I$740>=TODAY()-WEEKDAY(TODAY(),2)+1)*(All_Detail!I$2:I$740<=TODAY()-WEEKDAY(TODAY(),2)+7)),1),42),"") | G104: =IFERROR(INDEX(_xlfn.SORTBY(_xlfn._xlws.FILTER(All_Detail!J$2:J$740,(All_Detail!I$2:I$740>=TODAY()-WEEKDAY(TODAY(),2)+1)*(All_Detail!I$2:I$740<=TODAY()-WEEKDAY(TODAY(),2)+7)),_xlfn._xlws.FILTER(All_Detail!I$2:I$740,(All_Detail!I$2:I$740>=TODAY()-WEEKDAY(TODAY(),2)+1)*(All_Detail!I$2:I$740<=TODAY()-WEEKDAY(TODAY(),2)+7)),1),42),"") | H104: =IFERROR(INDEX(_xlfn.SORTBY(_xlfn._xlws.FILTER(All_Detail!P$2:P$740,(All_Detail!I$2:I$740>=TODAY()-WEEKDAY(TODAY(),2)+1)*(All_Detail!I$2:I$740<=TODAY()-WEEKDAY(TODAY(),2)+7)),_xlfn._xlws.FILTER(All_Detail!I$2:I$740,(All_Detail!I$2:I$740>=TODAY()-WEEKDAY(TODAY(),2)+1)*(All_Detail!I$2:I$740<=TODAY()-WEEKDAY(TODAY(),2)+7)),1),42),"")
A105: =IFERROR(INDEX(_xlfn.SORTBY(_xlfn._xlws.FILTER(All_Detail!B$2:B$740,(All_Detail!I$2:I$740>=TODAY()-WEEKDAY(TODAY(),2)+1)*(All_Detail!I$2:I$740<=TODAY()-WEEKDAY(TODAY(),2)+7)),_xlfn._xlws.FILTER(All_Detail!I$2:I$740,(All_Detail!I$2:I$740>=TODAY()-WEEKDAY(TODAY(),2)+1)*(All_Detail!I$2:I$740<=TODAY()-WEEKDAY(TODAY(),2)+7)),1),43),"") | B105: =IFERROR(INDEX(_xlfn.SORTBY(_xlfn._xlws.FILTER(All_Detail!C$2:C$740,(All_Detail!I$2:I$740>=TODAY()-WEEKDAY(TODAY(),2)+1)*(All_Detail!I$2:I$740<=TODAY()-WEEKDAY(TODAY(),2)+7)),_xlfn._xlws.FILTER(All_Detail!I$2:I$740,(All_Detail!I$2:I$740>=TODAY()-WEEKDAY(TODAY(),2)+1)*(All_Detail!I$2:I$740<=TODAY()-WEEKDAY(TODAY(),2)+7)),1),43),"") | C105: =IFERROR(INDEX(_xlfn.SORTBY(_xlfn._xlws.FILTER(All_Detail!D$2:D$740,(All_Detail!I$2:I$740>=TODAY()-WEEKDAY(TODAY(),2)+1)*(All_Detail!I$2:I$740<=TODAY()-WEEKDAY(TODAY(),2)+7)),_xlfn._xlws.FILTER(All_Detail!I$2:I$740,(All_Detail!I$2:I$740>=TODAY()-WEEKDAY(TODAY(),2)+1)*(All_Detail!I$2:I$740<=TODAY()-WEEKDAY(TODAY(),2)+7)),1),43),"") | D105: =IFERROR(INDEX(_xlfn.SORTBY(_xlfn._xlws.FILTER(All_Detail!E$2:E$740,(All_Detail!I$2:I$740>=TODAY()-WEEKDAY(TODAY(),2)+1)*(All_Detail!I$2:I$740<=TODAY()-WEEKDAY(TODAY(),2)+7)),_xlfn._xlws.FILTER(All_Detail!I$2:I$740,(All_Detail!I$2:I$740>=TODAY()-WEEKDAY(TODAY(),2)+1)*(All_Detail!I$2:I$740<=TODAY()-WEEKDAY(TODAY(),2)+7)),1),43),"") | E105: =IFERROR(INDEX(_xlfn.SORTBY(_xlfn._xlws.FILTER(All_Detail!F$2:F$740,(All_Detail!I$2:I$740>=TODAY()-WEEKDAY(TODAY(),2)+1)*(All_Detail!I$2:I$740<=TODAY()-WEEKDAY(TODAY(),2)+7)),_xlfn._xlws.FILTER(All_Detail!I$2:I$740,(All_Detail!I$2:I$740>=TODAY()-WEEKDAY(TODAY(),2)+1)*(All_Detail!I$2:I$740<=TODAY()-WEEKDAY(TODAY(),2)+7)),1),43),"") | F105: =IFERROR(INDEX(_xlfn.SORTBY(_xlfn._xlws.FILTER(All_Detail!I$2:I$740,(All_Detail!I$2:I$740>=TODAY()-WEEKDAY(TODAY(),2)+1)*(All_Detail!I$2:I$740<=TODAY()-WEEKDAY(TODAY(),2)+7)),_xlfn._xlws.FILTER(All_Detail!I$2:I$740,(All_Detail!I$2:I$740>=TODAY()-WEEKDAY(TODAY(),2)+1)*(All_Detail!I$2:I$740<=TODAY()-WEEKDAY(TODAY(),2)+7)),1),43),"") | G105: =IFERROR(INDEX(_xlfn.SORTBY(_xlfn._xlws.FILTER(All_Detail!J$2:J$740,(All_Detail!I$2:I$740>=TODAY()-WEEKDAY(TODAY(),2)+1)*(All_Detail!I$2:I$740<=TODAY()-WEEKDAY(TODAY(),2)+7)),_xlfn._xlws.FILTER(All_Detail!I$2:I$740,(All_Detail!I$2:I$740>=TODAY()-WEEKDAY(TODAY(),2)+1)*(All_Detail!I$2:I$740<=TODAY()-WEEKDAY(TODAY(),2)+7)),1),43),"") | H105: =IFERROR(INDEX(_xlfn.SORTBY(_xlfn._xlws.FILTER(All_Detail!P$2:P$740,(All_Detail!I$2:I$740>=TODAY()-WEEKDAY(TODAY(),2)+1)*(All_Detail!I$2:I$740<=TODAY()-WEEKDAY(TODAY(),2)+7)),_xlfn._xlws.FILTER(All_Detail!I$2:I$740,(All_Detail!I$2:I$740>=TODAY()-WEEKDAY(TODAY(),2)+1)*(All_Detail!I$2:I$740<=TODAY()-WEEKDAY(TODAY(),2)+7)),1),43),"")
A106: =IFERROR(INDEX(_xlfn.SORTBY(_xlfn._xlws.FILTER(All_Detail!B$2:B$740,(All_Detail!I$2:I$740>=TODAY()-WEEKDAY(TODAY(),2)+1)*(All_Detail!I$2:I$740<=TODAY()-WEEKDAY(TODAY(),2)+7)),_xlfn._xlws.FILTER(All_Detail!I$2:I$740,(All_Detail!I$2:I$740>=TODAY()-WEEKDAY(TODAY(),2)+1)*(All_Detail!I$2:I$740<=TODAY()-WEEKDAY(TODAY(),2)+7)),1),44),"") | B106: =IFERROR(INDEX(_xlfn.SORTBY(_xlfn._xlws.FILTER(All_Detail!C$2:C$740,(All_Detail!I$2:I$740>=TODAY()-WEEKDAY(TODAY(),2)+1)*(All_Detail!I$2:I$740<=TODAY()-WEEKDAY(TODAY(),2)+7)),_xlfn._xlws.FILTER(All_Detail!I$2:I$740,(All_Detail!I$2:I$740>=TODAY()-WEEKDAY(TODAY(),2)+1)*(All_Detail!I$2:I$740<=TODAY()-WEEKDAY(TODAY(),2)+7)),1),44),"") | C106: =IFERROR(INDEX(_xlfn.SORTBY(_xlfn._xlws.FILTER(All_Detail!D$2:D$740,(All_Detail!I$2:I$740>=TODAY()-WEEKDAY(TODAY(),2)+1)*(All_Detail!I$2:I$740<=TODAY()-WEEKDAY(TODAY(),2)+7)),_xlfn._xlws.FILTER(All_Detail!I$2:I$740,(All_Detail!I$2:I$740>=TODAY()-WEEKDAY(TODAY(),2)+1)*(All_Detail!I$2:I$740<=TODAY()-WEEKDAY(TODAY(),2)+7)),1),44),"") | D106: =IFERROR(INDEX(_xlfn.SORTBY(_xlfn._xlws.FILTER(All_Detail!E$2:E$740,(All_Detail!I$2:I$740>=TODAY()-WEEKDAY(TODAY(),2)+1)*(All_Detail!I$2:I$740<=TODAY()-WEEKDAY(TODAY(),2)+7)),_xlfn._xlws.FILTER(All_Detail!I$2:I$740,(All_Detail!I$2:I$740>=TODAY()-WEEKDAY(TODAY(),2)+1)*(All_Detail!I$2:I$740<=TODAY()-WEEKDAY(TODAY(),2)+7)),1),44),"") | E106: =IFERROR(INDEX(_xlfn.SORTBY(_xlfn._xlws.FILTER(All_Detail!F$2:F$740,(All_Detail!I$2:I$740>=TODAY()-WEEKDAY(TODAY(),2)+1)*(All_Detail!I$2:I$740<=TODAY()-WEEKDAY(TODAY(),2)+7)),_xlfn._xlws.FILTER(All_Detail!I$2:I$740,(All_Detail!I$2:I$740>=TODAY()-WEEKDAY(TODAY(),2)+1)*(All_Detail!I$2:I$740<=TODAY()-WEEKDAY(TODAY(),2)+7)),1),44),"") | F106: =IFERROR(INDEX(_xlfn.SORTBY(_xlfn._xlws.FILTER(All_Detail!I$2:I$740,(All_Detail!I$2:I$740>=TODAY()-WEEKDAY(TODAY(),2)+1)*(All_Detail!I$2:I$740<=TODAY()-WEEKDAY(TODAY(),2)+7)),_xlfn._xlws.FILTER(All_Detail!I$2:I$740,(All_Detail!I$2:I$740>=TODAY()-WEEKDAY(TODAY(),2)+1)*(All_Detail!I$2:I$740<=TODAY()-WEEKDAY(TODAY(),2)+7)),1),44),"") | G106: =IFERROR(INDEX(_xlfn.SORTBY(_xlfn._xlws.FILTER(All_Detail!J$2:J$740,(All_Detail!I$2:I$740>=TODAY()-WEEKDAY(TODAY(),2)+1)*(All_Detail!I$2:I$740<=TODAY()-WEEKDAY(TODAY(),2)+7)),_xlfn._xlws.FILTER(All_Detail!I$2:I$740,(All_Detail!I$2:I$740>=TODAY()-WEEKDAY(TODAY(),2)+1)*(All_Detail!I$2:I$740<=TODAY()-WEEKDAY(TODAY(),2)+7)),1),44),"") | H106: =IFERROR(INDEX(_xlfn.SORTBY(_xlfn._xlws.FILTER(All_Detail!P$2:P$740,(All_Detail!I$2:I$740>=TODAY()-WEEKDAY(TODAY(),2)+1)*(All_Detail!I$2:I$740<=TODAY()-WEEKDAY(TODAY(),2)+7)),_xlfn._xlws.FILTER(All_Detail!I$2:I$740,(All_Detail!I$2:I$740>=TODAY()-WEEKDAY(TODAY(),2)+1)*(All_Detail!I$2:I$740<=TODAY()-WEEKDAY(TODAY(),2)+7)),1),44),"")
A107: =IFERROR(INDEX(_xlfn.SORTBY(_xlfn._xlws.FILTER(All_Detail!B$2:B$740,(All_Detail!I$2:I$740>=TODAY()-WEEKDAY(TODAY(),2)+1)*(All_Detail!I$2:I$740<=TODAY()-WEEKDAY(TODAY(),2)+7)),_xlfn._xlws.FILTER(All_Detail!I$2:I$740,(All_Detail!I$2:I$740>=TODAY()-WEEKDAY(TODAY(),2)+1)*(All_Detail!I$2:I$740<=TODAY()-WEEKDAY(TODAY(),2)+7)),1),45),"") | B107: =IFERROR(INDEX(_xlfn.SORTBY(_xlfn._xlws.FILTER(All_Detail!C$2:C$740,(All_Detail!I$2:I$740>=TODAY()-WEEKDAY(TODAY(),2)+1)*(All_Detail!I$2:I$740<=TODAY()-WEEKDAY(TODAY(),2)+7)),_xlfn._xlws.FILTER(All_Detail!I$2:I$740,(All_Detail!I$2:I$740>=TODAY()-WEEKDAY(TODAY(),2)+1)*(All_Detail!I$2:I$740<=TODAY()-WEEKDAY(TODAY(),2)+7)),1),45),"") | C107: =IFERROR(INDEX(_xlfn.SORTBY(_xlfn._xlws.FILTER(All_Detail!D$2:D$740,(All_Detail!I$2:I$740>=TODAY()-WEEKDAY(TODAY(),2)+1)*(All_Detail!I$2:I$740<=TODAY()-WEEKDAY(TODAY(),2)+7)),_xlfn._xlws.FILTER(All_Detail!I$2:I$740,(All_Detail!I$2:I$740>=TODAY()-WEEKDAY(TODAY(),2)+1)*(All_Detail!I$2:I$740<=TODAY()-WEEKDAY(TODAY(),2)+7)),1),45),"") | D107: =IFERROR(INDEX(_xlfn.SORTBY(_xlfn._xlws.FILTER(All_Detail!E$2:E$740,(All_Detail!I$2:I$740>=TODAY()-WEEKDAY(TODAY(),2)+1)*(All_Detail!I$2:I$740<=TODAY()-WEEKDAY(TODAY(),2)+7)),_xlfn._xlws.FILTER(All_Detail!I$2:I$740,(All_Detail!I$2:I$740>=TODAY()-WEEKDAY(TODAY(),2)+1)*(All_Detail!I$2:I$740<=TODAY()-WEEKDAY(TODAY(),2)+7)),1),45),"") | E107: =IFERROR(INDEX(_xlfn.SORTBY(_xlfn._xlws.FILTER(All_Detail!F$2:F$740,(All_Detail!I$2:I$740>=TODAY()-WEEKDAY(TODAY(),2)+1)*(All_Detail!I$2:I$740<=TODAY()-WEEKDAY(TODAY(),2)+7)),_xlfn._xlws.FILTER(All_Detail!I$2:I$740,(All_Detail!I$2:I$740>=TODAY()-WEEKDAY(TODAY(),2)+1)*(All_Detail!I$2:I$740<=TODAY()-WEEKDAY(TODAY(),2)+7)),1),45),"") | F107: =IFERROR(INDEX(_xlfn.SORTBY(_xlfn._xlws.FILTER(All_Detail!I$2:I$740,(All_Detail!I$2:I$740>=TODAY()-WEEKDAY(TODAY(),2)+1)*(All_Detail!I$2:I$740<=TODAY()-WEEKDAY(TODAY(),2)+7)),_xlfn._xlws.FILTER(All_Detail!I$2:I$740,(All_Detail!I$2:I$740>=TODAY()-WEEKDAY(TODAY(),2)+1)*(All_Detail!I$2:I$740<=TODAY()-WEEKDAY(TODAY(),2)+7)),1),45),"") | G107: =IFERROR(INDEX(_xlfn.SORTBY(_xlfn._xlws.FILTER(All_Detail!J$2:J$740,(All_Detail!I$2:I$740>=TODAY()-WEEKDAY(TODAY(),2)+1)*(All_Detail!I$2:I$740<=TODAY()-WEEKDAY(TODAY(),2)+7)),_xlfn._xlws.FILTER(All_Detail!I$2:I$740,(All_Detail!I$2:I$740>=TODAY()-WEEKDAY(TODAY(),2)+1)*(All_Detail!I$2:I$740<=TODAY()-WEEKDAY(TODAY(),2)+7)),1),45),"") | H107: =IFERROR(INDEX(_xlfn.SORTBY(_xlfn._xlws.FILTER(All_Detail!P$2:P$740,(All_Detail!I$2:I$740>=TODAY()-WEEKDAY(TODAY(),2)+1)*(All_Detail!I$2:I$740<=TODAY()-WEEKDAY(TODAY(),2)+7)),_xlfn._xlws.FILTER(All_Detail!I$2:I$740,(All_Detail!I$2:I$740>=TODAY()-WEEKDAY(TODAY(),2)+1)*(All_Detail!I$2:I$740<=TODAY()-WEEKDAY(TODAY(),2)+7)),1),45),"")
A108: =IFERROR(INDEX(_xlfn.SORTBY(_xlfn._xlws.FILTER(All_Detail!B$2:B$740,(All_Detail!I$2:I$740>=TODAY()-WEEKDAY(TODAY(),2)+1)*(All_Detail!I$2:I$740<=TODAY()-WEEKDAY(TODAY(),2)+7)),_xlfn._xlws.FILTER(All_Detail!I$2:I$740,(All_Detail!I$2:I$740>=TODAY()-WEEKDAY(TODAY(),2)+1)*(All_Detail!I$2:I$740<=TODAY()-WEEKDAY(TODAY(),2)+7)),1),46),"") | B108: =IFERROR(INDEX(_xlfn.SORTBY(_xlfn._xlws.FILTER(All_Detail!C$2:C$740,(All_Detail!I$2:I$740>=TODAY()-WEEKDAY(TODAY(),2)+1)*(All_Detail!I$2:I$740<=TODAY()-WEEKDAY(TODAY(),2)+7)),_xlfn._xlws.FILTER(All_Detail!I$2:I$740,(All_Detail!I$2:I$740>=TODAY()-WEEKDAY(TODAY(),2)+1)*(All_Detail!I$2:I$740<=TODAY()-WEEKDAY(TODAY(),2)+7)),1),46),"") | C108: =IFERROR(INDEX(_xlfn.SORTBY(_xlfn._xlws.FILTER(All_Detail!D$2:D$740,(All_Detail!I$2:I$740>=TODAY()-WEEKDAY(TODAY(),2)+1)*(All_Detail!I$2:I$740<=TODAY()-WEEKDAY(TODAY(),2)+7)),_xlfn._xlws.FILTER(All_Detail!I$2:I$740,(All_Detail!I$2:I$740>=TODAY()-WEEKDAY(TODAY(),2)+1)*(All_Detail!I$2:I$740<=TODAY()-WEEKDAY(TODAY(),2)+7)),1),46),"") | D108: =IFERROR(INDEX(_xlfn.SORTBY(_xlfn._xlws.FILTER(All_Detail!E$2:E$740,(All_Detail!I$2:I$740>=TODAY()-WEEKDAY(TODAY(),2)+1)*(All_Detail!I$2:I$740<=TODAY()-WEEKDAY(TODAY(),2)+7)),_xlfn._xlws.FILTER(All_Detail!I$2:I$740,(All_Detail!I$2:I$740>=TODAY()-WEEKDAY(TODAY(),2)+1)*(All_Detail!I$2:I$740<=TODAY()-WEEKDAY(TODAY(),2)+7)),1),46),"") | E108: =IFERROR(INDEX(_xlfn.SORTBY(_xlfn._xlws.FILTER(All_Detail!F$2:F$740,(All_Detail!I$2:I$740>=TODAY()-WEEKDAY(TODAY(),2)+1)*(All_Detail!I$2:I$740<=TODAY()-WEEKDAY(TODAY(),2)+7)),_xlfn._xlws.FILTER(All_Detail!I$2:I$740,(All_Detail!I$2:I$740>=TODAY()-WEEKDAY(TODAY(),2)+1)*(All_Detail!I$2:I$740<=TODAY()-WEEKDAY(TODAY(),2)+7)),1),46),"") | F108: =IFERROR(INDEX(_xlfn.SORTBY(_xlfn._xlws.FILTER(All_Detail!I$2:I$740,(All_Detail!I$2:I$740>=TODAY()-WEEKDAY(TODAY(),2)+1)*(All_Detail!I$2:I$740<=TODAY()-WEEKDAY(TODAY(),2)+7)),_xlfn._xlws.FILTER(All_Detail!I$2:I$740,(All_Detail!I$2:I$740>=TODAY()-WEEKDAY(TODAY(),2)+1)*(All_Detail!I$2:I$740<=TODAY()-WEEKDAY(TODAY(),2)+7)),1),46),"") | G108: =IFERROR(INDEX(_xlfn.SORTBY(_xlfn._xlws.FILTER(All_Detail!J$2:J$740,(All_Detail!I$2:I$740>=TODAY()-WEEKDAY(TODAY(),2)+1)*(All_Detail!I$2:I$740<=TODAY()-WEEKDAY(TODAY(),2)+7)),_xlfn._xlws.FILTER(All_Detail!I$2:I$740,(All_Detail!I$2:I$740>=TODAY()-WEEKDAY(TODAY(),2)+1)*(All_Detail!I$2:I$740<=TODAY()-WEEKDAY(TODAY(),2)+7)),1),46),"") | H108: =IFERROR(INDEX(_xlfn.SORTBY(_xlfn._xlws.FILTER(All_Detail!P$2:P$740,(All_Detail!I$2:I$740>=TODAY()-WEEKDAY(TODAY(),2)+1)*(All_Detail!I$2:I$740<=TODAY()-WEEKDAY(TODAY(),2)+7)),_xlfn._xlws.FILTER(All_Detail!I$2:I$740,(All_Detail!I$2:I$740>=TODAY()-WEEKDAY(TODAY(),2)+1)*(All_Detail!I$2:I$740<=TODAY()-WEEKDAY(TODAY(),2)+7)),1),46),"")
...

Sheet All_Detail
A1: No. | B1: Fabric | C1: Location | D1: Room | E1: Device Type | F1: Qty | G1: Qty. Success | H1: Install Date | I1: Scheduled Date | J1: Status | K1: Qty. Remaining | L1: % Complete | M1: Days Until Due | N1: Week | O1: Category | P1: Remark
A2: 703 | B2: AMF | C2: AMF4 | D2: AMF4-FL.1 | E2: Access Switch Type 2 | F2: 2 | G2: 2 | H2: 46109 | I2: 46189 | J2: Success | K2: =F2-G2 -> 0 | L2: =IF(F2=0,"",G2/F2) -> 1 | M2: =I2-TODAY() -> 76 | N2: =_xlfn.ISOWEEKNUM(I2) -> 25 | O2: =IF(ISNUMBER(SEARCH("Access Point",E2)),"AP",IF(OR(ISNUMBER(SEARCH("Switch",E2)),ISNUMBER(SEARCH("Control Type",E2))),"Switch","Infra")) -> Switch
A3: 688 | B3: AMF | C3: AMF1 | D3: - | E3: Access Point | F3: 18 | I3: 46189 | J3: On Plan | K3: =F3-G3 -> 18 | L3: =IF(F3=0,"",G3/F3) -> 0 | M3: =I3-TODAY() -> 76 | N3: =_xlfn.ISOWEEKNUM(I3) -> 25 | O3: =IF(ISNUMBER(SEARCH("Access Point",E3)),"AP",IF(OR(ISNUMBER(SEARCH("Switch",E3)),ISNUMBER(SEARCH("Control Type",E3))),"Switch","Infra")) -> AP
A4: 704 | B4: AMF | C4: AMF4 | D4: งานซ่อมบำรุงยานยนต์ | E4: Access Switch Type 4 | F4: 1 | G4: 2 | H4: 46109 | I4: 46189 | J4: Success | K4: =F4-G4 -> -1 | L4: =IF(F4=0,"",G4/F4) -> 2 | M4: =I4-TODAY() -> 76 | N4: =_xlfn.ISOWEEKNUM(I4) -> 25 | O4: =IF(ISNUMBER(SEARCH("Access Point",E4)),"AP",IF(OR(ISNUMBER(SEARCH("Switch",E4)),ISNUMBER(SEARCH("Control Type",E4))),"Switch","Infra")) -> Switch | P4: *Type 4 ไป 1 ตัว ห้องส่วนสนามบิน N5-AMF41-VS02
A5: 690 | B5: AMF | C5: AMF1 | D5: AMF1 FL.2 | E5: Wireless Controller | F5: 2 | G5: 2 | H5: 46063 | I5: 46063 | J5: Success | K5: =F5-G5 -> 0 | L5: =IF(F5=0,"",G5/F5) -> 1 | M5: =I5-TODAY() -> -50 | N5: =_xlfn.ISOWEEKNUM(I5) -> 7 | O5: =IF(ISNUMBER(SEARCH("Access Point",E5)),"AP",IF(OR(ISNUMBER(SEARCH("Switch",E5)),ISNUMBER(SEARCH("Control Type",E5))),"Switch","Infra")) -> Infra
A6: 689 | B6: AMF | C6: AMF1 | D6: AMF1 FL.2 | E6: Distribute Switch Type 1 | F6: 2 | G6: 2 | H6: 46105 | I6: 46190 | J6: Success | K6: =F6-G6 -> 0 | L6: =IF(F6=0,"",G6/F6) -> 1 | M6: =I6-TODAY() -> 77 | N6: =_xlfn.ISOWEEKNUM(I6) -> 25 | O6: =IF(ISNUMBER(SEARCH("Access Point",E6)),"AP",IF(OR(ISNUMBER(SEARCH("Switch",E6)),ISNUMBER(SEARCH("Control Type",E6))),"Switch","Infra")) -> Switch
A7: 705 | B7: AMF | C7: AMF4 | D7: ส่วนบำรุงพื้นที่และสนับสนุนเครื่องทุนแรง | E7: Access Switch Type 4 | F7: 2 | G7: 2 | H7: 46109 | I7: 46189 | J7: Success | K7: =F7-G7 -> 0 | L7: =IF(F7=0,"",G7/F7) -> 1 | M7: =I7-TODAY() -> 76 | N7: =_xlfn.ISOWEEKNUM(I7) -> 25 | O7: =IF(ISNUMBER(SEARCH("Access Point",E7)),"AP",IF(OR(ISNUMBER(SEARCH("Switch",E7)),ISNUMBER(SEARCH("Control Type",E7))),"Switch","Infra")) -> Switch
A8: 706 | B8: AMF | C8: AMF4 | D8: ส่วนบำรุงพื้นที่และสนับสนุนเครื่องทุนแรง Room | E8: Access Switch Type 2 | F8: 3 | G8: 3 | H8: 46109 | I8: 46190 | J8: Success | K8: =F8-G8 -> 0 | L8: =IF(F8=0,"",G8/F8) -> 1 | M8: =I8-TODAY() -> 77 | N8: =_xlfn.ISOWEEKNUM(I8) -> 25 | O8: =IF(ISNUMBER(SEARCH("Access Point",E8)),"AP",IF(OR(ISNUMBER(SEARCH("Switch",E8)),ISNUMBER(SEARCH("Control Type",E8))),"Switch","Infra")) -> Switch
A9: 115 | B9: D1-041 | C9: Concourse D | D9: D4-009 | E9: Access Switch Type 4 | F9: 1 | G9: 1 | H9: 46108 | I9: 46112 | J9: Success | K9: =F9-G9 -> 0 | L9: =IF(F9=0,"",G9/F9) -> 1 | M9: =I9-TODAY() -> -1 | N9: =_xlfn.ISOWEEKNUM(I9) -> 14 | O9: =IF(ISNUMBER(SEARCH("Access Point",E9)),"AP",IF(OR(ISNUMBER(SEARCH("Switch",E9)),ISNUMBER(SEARCH("Control Type",E9))),"Switch","Infra")) -> Switch
A10: 695 | B10: AMF | C10: AMF1 | D10: AMF12 Core Room | E10: Aggregation Switch Type 2 | F10: 2 | G10: 2 | H10: 46105 | I10: 46191 | J10: Success | K10: =F10-G10 -> 0 | L10: =IF(F10=0,"",G10/F10) -> 1 | M10: =I10-TODAY() -> 78 | N10: =_xlfn.ISOWEEKNUM(I10) -> 25 | O10: =IF(ISNUMBER(SEARCH("Access Point",E10)),"AP",IF(OR(ISNUMBER(SEARCH("Switch",E10)),ISNUMBER(SEARCH("Control Type",E10))),"Switch","Infra")) -> Switch
A11: 114 | B11: D1-041 | C11: Concourse D | D11: D4-009 | E11: Access Switch Type 2 | F11: 1 | G11: 1 | H11: 46108 | I11: 46112 | J11: Success | K11: =F11-G11 -> 0 | L11: =IF(F11=0,"",G11/F11) -> 1 | M11: =I11-TODAY() -> -1 | N11: =_xlfn.ISOWEEKNUM(I11) -> 14 | O11: =IF(ISNUMBER(SEARCH("Access Point",E11)),"AP",IF(OR(ISNUMBER(SEARCH("Switch",E11)),ISNUMBER(SEARCH("Control Type",E11))),"Switch","Infra")) -> Switch
A12: 118 | B12: D1-041 | C12: Concourse D | D12: D4-074 | E12: Access Switch Type 2 | F12: 1 | G12: 1 | H12: 46108 | I12: 46112 | J12: Success | K12: =F12-G12 -> 0 | L12: =IF(F12=0,"",G12/F12) -> 1 | M12: =I12-TODAY() -> -1 | N12: =_xlfn.ISOWEEKNUM(I12) -> 14 | O12: =IF(ISNUMBER(SEARCH("Access Point",E12)),"AP",IF(OR(ISNUMBER(SEARCH("Switch",E12)),ISNUMBER(SEARCH("Control Type",E12))),"Switch","Infra")) -> Switch
A13: 120 | B13: D1-041 | C13: Concourse D | D13: D4-081 | E13: Access Switch Type 2 | F13: 1 | G13: 1 | H13: 46108 | I13: 46112 | J13: Success | K13: =F13-G13 -> 0 | L13: =IF(F13=0,"",G13/F13) -> 1 | M13: =I13-TODAY() -> -1 | N13: =_xlfn.ISOWEEKNUM(I13) -> 14 | O13: =IF(ISNUMBER(SEARCH("Access Point",E13)),"AP",IF(OR(ISNUMBER(SEARCH("Switch",E13)),ISNUMBER(SEARCH("Control Type",E13))),"Switch","Infra")) -> Switch
A14: 146 | B14: D1-041 | C14: Concourse A | D14: A2-009 | E14: Access Switch Type 4 | F14: 1 | G14: 1 | H14: 46107 | I14: 46129 | J14: Success | K14: =F14-G14 -> 0 | L14: =IF(F14=0,"",G14/F14) -> 1 | M14: =I14-TODAY() -> 16 | N14: =_xlfn.ISOWEEKNUM(I14) -> 16 | O14: =IF(ISNUMBER(SEARCH("Access Point",E14)),"AP",IF(OR(ISNUMBER(SEARCH("Switch",E14)),ISNUMBER(SEARCH("Control Type",E14))),"Switch","Infra")) -> Switch
A15: 145 | B15: D1-041 | C15: Concourse A | D15: A2-009 | E15: Access Switch Type 2 | F15: 2 | G15: 2 | H15: 46107 | I15: 46129 | J15: Success | K15: =F15-G15 -> 0 | L15: =IF(F15=0,"",G15/F15) -> 1 | M15: =I15-TODAY() -> 16 | N15: =_xlfn.ISOWEEKNUM(I15) -> 16 | O15: =IF(ISNUMBER(SEARCH("Access Point",E15)),"AP",IF(OR(ISNUMBER(SEARCH("Switch",E15)),ISNUMBER(SEARCH("Control Type",E15))),"Switch","Infra")) -> Switch | P15: *ยังไม่ได้ถอด TCA2-009AS01 (FMSS 1 Port)
A16: 254 | B16: D1-041 | C16: Concourse B | D16: B2-031 | E16: Access Switch Type 4 | F16: 1 | G16: 1 | H16: 46107 | I16: 46174 | J16: Success | K16: =F16-G16 -> 0 | L16: =IF(F16=0,"",G16/F16) -> 1 | M16: =I16-TODAY() -> 61 | N16: =_xlfn.ISOWEEKNUM(I16) -> 23 | O16: =IF(ISNUMBER(SEARCH("Access Point",E16)),"AP",IF(OR(ISNUMBER(SEARCH("Switch",E16)),ISNUMBER(SEARCH("Control Type",E16))),"Switch","Infra")) -> Switch
A17: 707 | B17: AMF | C17: AMF2 | D17: - | E17: Access Point | F17: 6 | I17: 46190 | J17: On Plan | K17: =F17-G17 -> 6 | L17: =IF(F17=0,"",G17/F17) -> 0 | M17: =I17-TODAY() -> 77 | N17: =_xlfn.ISOWEEKNUM(I17) -> 25 | O17: =IF(ISNUMBER(SEARCH("Access Point",E17)),"AP",IF(OR(ISNUMBER(SEARCH("Switch",E17)),ISNUMBER(SEARCH("Control Type",E17))),"Switch","Infra")) -> AP
A18: 253 | B18: D1-041 | C18: Concourse B | D18: B2-031 | E18: Access Switch Type 2 | F18: 1 | G18: 1 | H18: 46107 | I18: 46174 | J18: Success | K18: =F18-G18 -> 0 | L18: =IF(F18=0,"",G18/F18) -> 1 | M18: =I18-TODAY() -> 61 | N18: =_xlfn.ISOWEEKNUM(I18) -> 23 | O18: =IF(ISNUMBER(SEARCH("Access Point",E18)),"AP",IF(OR(ISNUMBER(SEARCH("Switch",E18)),ISNUMBER(SEARCH("Control Type",E18))),"Switch","Infra")) -> Switch | P18: *ยังไม่ได้ถอด TCB2-031AS02 (FMSS 1 Port)
A19: 228 | B19: D1-041 | C19: Concourse C | D19: C2-044 | E19: Access Switch Type 4 | F19: 1 | G19: 1 | H19: 46107 | I19: 46132 | J19: Success | K19: =F19-G19 -> 0 | L19: =IF(F19=0,"",G19/F19) -> 1 | M19: =I19-TODAY() -> 19 | N19: =_xlfn.ISOWEEKNUM(I19) -> 17 | O19: =IF(ISNUMBER(SEARCH("Access Point",E19)),"AP",IF(OR(ISNUMBER(SEARCH("Switch",E19)),ISNUMBER(SEARCH("Control Type",E19))),"Switch","Infra")) -> Switch
A20: 227 | B20: D1-041 | C20: Concourse C | D20: C2-044 | E20: Access Switch Type 2 | F20: 1 | G20: 1 | H20: 46107 | I20: 46132 | J20: Success | K20: =F20-G20 -> 0 | L20: =IF(F20=0,"",G20/F20) -> 1 | M20: =I20-TODAY() -> 19 | N20: =_xlfn.ISOWEEKNUM(I20) -> 17 | O20: =IF(ISNUMBER(SEARCH("Access Point",E20)),"AP",IF(OR(ISNUMBER(SEARCH("Switch",E20)),ISNUMBER(SEARCH("Control Type",E20))),"Switch","Infra")) -> Switch | P20: *ยังไม่ได้ถอด TCC2-044AS01 (FMSS 1 Port)
A21: 209 | B21: D1-041 | C21: AIMS | D21: ห้องลูกค้า Server | E21: Access Switch Type 4 | F21: 4 | G21: 4 | H21: 46106 | I21: 46120 | J21: Success | K21: =F21-G21 -> 0 | L21: =IF(F21=0,"",G21/F21) -> 1 | M21: =I21-TODAY() -> 7 | N21: =_xlfn.ISOWEEKNUM(I21) -> 15 | O21: =IF(ISNUMBER(SEARCH("Access Point",E21)),"AP",IF(OR(ISNUMBER(SEARCH("Switch",E21)),ISNUMBER(SEARCH("Control Type",E21))),"Switch","Infra")) -> Switch
A22: 208 | B22: D1-041 | C22: AIMS | D22: ห้องลูกค้า Server | E22: Access Switch Type 2 | F22: 4 | G22: 4 | H22: 46106 | I22: 46120 | J22: Success | K22: =F22-G22 -> 0 | L22: =IF(F22=0,"",G22/F22) -> 1 | M22: =I22-TODAY() -> 7 | N22: =_xlfn.ISOWEEKNUM(I22) -> 15 | O22: =IF(ISNUMBER(SEARCH("Access Point",E22)),"AP",IF(OR(ISNUMBER(SEARCH("Switch",E22)),ISNUMBER(SEARCH("Control Type",E22))),"Switch","Infra")) -> Switch
A23: 715 | B23: AMF | C23: AMF3 | D23: - | E23: Access Point | F23: 2 | I23: 46192 | J23: On Plan | K23: =F23-G23 -> 2 | L23: =IF(F23=0,"",G23/F23) -> 0 | M23: =I23-TODAY() -> 79 | N23: =_xlfn.ISOWEEKNUM(I23) -> 25 | O23: =IF(ISNUMBER(SEARCH("Access Point",E23)),"AP",IF(OR(ISNUMBER(SEARCH("Switch",E23)),ISNUMBER(SEARCH("Control Type",E23))),"Switch","Infra")) -> AP
A24: 203 | B24: D1-041 | C24: AIMS | D24: Emergency Operation Center | E24: Access Switch Type 4 | F24: 1 | G24: 1 | H24: 46104 | I24: 46120 | J24: Success | K24: =F24-G24 -> 0 | L24: =IF(F24=0,"",G24/F24) -> 1 | M24: =I24-TODAY() -> 7 | N24: =_xlfn.ISOWEEKNUM(I24) -> 15 | O24: =IF(ISNUMBER(SEARCH("Access Point",E24)),"AP",IF(OR(ISNUMBER(SEARCH("Switch",E24)),ISNUMBER(SEARCH("Control Type",E24))),"Switch","Infra")) -> Switch
A25: 202 | B25: D1-041 | C25: AIMS | D25: Emergency Operation Center | E25: Access Switch Type 2 | F25: 1 | G25: 1 | H25: 46104 | I25: 46120 | J25: Success | K25: =F25-G25 -> 0 | L25: =IF(F25=0,"",G25/F25) -> 1 | M25: =I25-TODAY() -> 7 | N25: =_xlfn.ISOWEEKNUM(I25) -> 15 | O25: =IF(ISNUMBER(SEARCH("Access Point",E25)),"AP",IF(OR(ISNUMBER(SEARCH("Switch",E25)),ISNUMBER(SEARCH("Control Type",E25))),"Switch","Infra")) -> Switch
A26: 702 | B26: AMF | C26: AMF4 | D26: - | E26: Access Point | F26: 8 | G26: 8 | H26: 46109 | I26: 46189 | J26: Success | K26: =F26-G26 -> 0 | L26: =IF(F26=0,"",G26/F26) -> 1 | M26: =I26-TODAY() -> 76 | N26: =_xlfn.ISOWEEKNUM(I26) -> 25 | O26: =IF(ISNUMBER(SEARCH("Access Point",E26)),"AP",IF(OR(ISNUMBER(SEARCH("Switch",E26)),ISNUMBER(SEARCH("Control Type",E26))),"Switch","Infra")) -> AP
A27: 260 | B27: D1-041 | C27: Concourse B | D27: B3-008 | E27: Access Switch Type 4 | F27: 2 | G27: 2 | H27: 46101 | I27: 46135 | J27: Success | K27: =F27-G27 -> 0 | L27: =IF(F27=0,"",G27/F27) -> 1 | M27: =I27-TODAY() -> 22 | N27: =_xlfn.ISOWEEKNUM(I27) -> 17 | O27: =IF(ISNUMBER(SEARCH("Access Point",E27)),"AP",IF(OR(ISNUMBER(SEARCH("Switch",E27)),ISNUMBER(SEARCH("Control Type",E27))),"Switch","Infra")) -> Switch
A28: 259 | B28: D1-041 | C28: Concourse B | D28: B3-008 | E28: Access Switch Type 2 | F28: 2 | G28: 2 | H28: 46101 | I28: 46135 | J28: Success | K28: =F28-G28 -> 0 | L28: =IF(F28=0,"",G28/F28) -> 1 | M28: =I28-TODAY() -> 22 | N28: =_xlfn.ISOWEEKNUM(I28) -> 17 | O28: =IF(ISNUMBER(SEARCH("Access Point",E28)),"AP",IF(OR(ISNUMBER(SEARCH("Switch",E28)),ISNUMBER(SEARCH("Control Type",E28))),"Switch","Infra")) -> Switch
A29: 263 | B29: D1-041 | C29: Concourse B | D29: B4-003 | E29: Access Switch Type 4 | F29: 1 | G29: 1 | H29: 46101 | I29: 46135 | J29: Success | K29: =F29-G29 -> 0 | L29: =IF(F29=0,"",G29/F29) -> 1 | M29: =I29-TODAY() -> 22 | N29: =_xlfn.ISOWEEKNUM(I29) -> 17 | O29: =IF(ISNUMBER(SEARCH("Access Point",E29)),"AP",IF(OR(ISNUMBER(SEARCH("Switch",E29)),ISNUMBER(SEARCH("Control Type",E29))),"Switch","Infra")) -> Switch
A30: 262 | B30: D1-041 | C30: Concourse B | D30: B4-003 | E30: Access Switch Type 2 | F30: 1 | G30: 1 | H30: 46101 | I30: 46135 | J30: Success | K30: =F30-G30 -> 0 | L30: =IF(F30=0,"",G30/F30) -> 1 | M30: =I30-TODAY() -> 22 | N30: =_xlfn.ISOWEEKNUM(I30) -> 17 | O30: =IF(ISNUMBER(SEARCH("Access Point",E30)),"AP",IF(OR(ISNUMBER(SEARCH("Switch",E30)),ISNUMBER(SEARCH("Control Type",E30))),"Switch","Infra")) -> Switch
A31: 718 | B31: AMF | C31: AMF5 | D31: - | E31: Access Point | F31: 3 | I31: 46192 | J31: On Plan | K31: =F31-G31 -> 3 | L31: =IF(F31=0,"",G31/F31) -> 0 | M31: =I31-TODAY() -> 79 | N31: =_xlfn.ISOWEEKNUM(I31) -> 25 | O31: =IF(ISNUMBER(SEARCH("Access Point",E31)),"AP",IF(OR(ISNUMBER(SEARCH("Switch",E31)),ISNUMBER(SEARCH("Control Type",E31))),"Switch","Infra")) -> AP
A32: 234 | B32: D1-041 | C32: Concourse C | D32: C2-096 | E32: Access Switch Type 4 | F32: 1 | G32: 1 | H32: 46101 | I32: 46133 | J32: Success | K32: =F32-G32 -> 0 | L32: =IF(F32=0,"",G32/F32) -> 1 | M32: =I32-TODAY() -> 20 | N32: =_xlfn.ISOWEEKNUM(I32) -> 17 | O32: =IF(ISNUMBER(SEARCH("Access Point",E32)),"AP",IF(OR(ISNUMBER(SEARCH("Switch",E32)),ISNUMBER(SEARCH("Control Type",E32))),"Switch","Infra")) -> Switch
A33: 233 | B33: D1-041 | C33: Concourse C | D33: C2-096 | E33: Access Switch Type 2 | F33: 1 | G33: 1 | H33: 46101 | I33: 46133 | J33: Success | K33: =F33-G33 -> 0 | L33: =IF(F33=0,"",G33/F33) -> 1 | M33: =I33-TODAY() -> 20 | N33: =_xlfn.ISOWEEKNUM(I33) -> 17 | O33: =IF(ISNUMBER(SEARCH("Access Point",E33)),"AP",IF(OR(ISNUMBER(SEARCH("Switch",E33)),ISNUMBER(SEARCH("Control Type",E33))),"Switch","Infra")) -> Switch
A34: 721 | B34: AMF | C34: FFT | D34: - | E34: Access Point | F34: 1 | I34: 46195 | J34: On Plan | K34: =F34-G34 -> 1 | L34: =IF(F34=0,"",G34/F34) -> 0 | M34: =I34-TODAY() -> 82 | N34: =_xlfn.ISOWEEKNUM(I34) -> 26 | O34: =IF(ISNUMBER(SEARCH("Access Point",E34)),"AP",IF(OR(ISNUMBER(SEARCH("Switch",E34)),ISNUMBER(SEARCH("Control Type",E34))),"Switch","Infra")) -> AP
A35: 236 | B35: D1-041 | C35: Concourse C | D35: C2-120 | E35: Access Switch Type 4 | F35: 1 | G35: 1 | H35: 46101 | I35: 46133 | J35: Success | K35: =F35-G35 -> 0 | L35: =IF(F35=0,"",G35/F35) -> 1 | M35: =I35-TODAY() -> 20 | N35: =_xlfn.ISOWEEKNUM(I35) -> 17 | O35: =IF(ISNUMBER(SEARCH("Access Point",E35)),"AP",IF(OR(ISNUMBER(SEARCH("Switch",E35)),ISNUMBER(SEARCH("Control Type",E35))),"Switch","Infra")) -> Switch
A36: 235 | B36: D1-041 | C36: Concourse C | D36: C2-120 | E36: Access Switch Type 2 | F36: 1 | G36: 1 | H36: 46101 | I36: 46133 | J36: Success | K36: =F36-G36 -> 0 | L36: =IF(F36=0,"",G36/F36) -> 1 | M36: =I36-TODAY() -> 20 | N36: =_xlfn.ISOWEEKNUM(I36) -> 17 | O36: =IF(ISNUMBER(SEARCH("Access Point",E36)),"AP",IF(OR(ISNUMBER(SEARCH("Switch",E36)),ISNUMBER(SEARCH("Control Type",E36))),"Switch","Infra")) -> Switch
A37: 238 | B37: D1-041 | C37: Concourse C | D37: C3-009 | E37: Access Switch Type 4 | F37: 1 | G37: 1 | H37: 46101 | I37: 46133 | J37: Success | K37: =F37-G37 -> 0 | L37: =IF(F37=0,"",G37/F37) -> 1 | M37: =I37-TODAY() -> 20 | N37: =_xlfn.ISOWEEKNUM(I37) -> 17 | O37: =IF(ISNUMBER(SEARCH("Access Point",E37)),"AP",IF(OR(ISNUMBER(SEARCH("Switch",E37)),ISNUMBER(SEARCH("Control Type",E37))),"Switch","Infra")) -> Switch
A38: 237 | B38: D1-041 | C38: Concourse C | D38: C3-009 | E38: Access Switch Type 2 | F38: 1 | G38: 1 | H38: 46101 | I38: 46133 | J38: Success | K38: =F38-G38 -> 0 | L38: =IF(F38=0,"",G38/F38) -> 1 | M38: =I38-TODAY() -> 20 | N38: =_xlfn.ISOWEEKNUM(I38) -> 17 | O38: =IF(ISNUMBER(SEARCH("Access Point",E38)),"AP",IF(OR(ISNUMBER(SEARCH("Switch",E38)),ISNUMBER(SEARCH("Control Type",E38))),"Switch","Infra")) -> Switch
A39: 713 | B39: AMF | C39: WWT | D39: - | E39: Access Point | F39: 5 | I39: 46191 | J39: On Plan | K39: =F39-G39 -> 5 | L39: =IF(F39=0,"",G39/F39) -> 0 | M39: =I39-TODAY() -> 78 | N39: =_xlfn.ISOWEEKNUM(I39) -> 25 | O39: =IF(ISNUMBER(SEARCH("Access Point",E39)),"AP",IF(OR(ISNUMBER(SEARCH("Switch",E39)),ISNUMBER(SEARCH("Control Type",E39))),"Switch","Infra")) -> AP
A40: 241 | B40: D1-041 | C40: Concourse C | D40: C4-007 | E40: Access Switch Type 4 | F40: 1 | G40: 1 | H40: 46101 | I40: 46133 | J40: Success | K40: =F40-G40 -> 0 | L40: =IF(F40=0,"",G40/F40) -> 1 | M40: =I40-TODAY() -> 20 | N40: =_xlfn.ISOWEEKNUM(I40) -> 17 | O40: =IF(ISNUMBER(SEARCH("Access Point",E40)),"AP",IF(OR(ISNUMBER(SEARCH("Switch",E40)),ISNUMBER(SEARCH("Control Type",E40))),"Switch","Infra")) -> Switch
A41: 240 | B41: D1-041 | C41: Concourse C | D41: C4-007 | E41: Access Switch Type 2 | F41: 1 | G41: 1 | H41: 46101 | I41: 46133 | J41: Success | K41: =F41-G41 -> 0 | L41: =IF(F41=0,"",G41/F41) -> 1 | M41: =I41-TODAY() -> 20 | N41: =_xlfn.ISOWEEKNUM(I41) -> 17 | O41: =IF(ISNUMBER(SEARCH("Access Point",E41)),"AP",IF(OR(ISNUMBER(SEARCH("Switch",E41)),ISNUMBER(SEARCH("Control Type",E41))),"Switch","Infra")) -> Switch
A42: 726 | B42: AMF | C42: อาคารสถานีกำจัดขยะ | D42: SWT Building | E42: Aggregation Switch Type 3 | F42: 1 | I42: 46195 | J42: On Plan | K42: =F42-G42 -> 1 | L42: =IF(F42=0,"",G42/F42) -> 0 | M42: =I42-TODAY() -> 82 | N42: =_xlfn.ISOWEEKNUM(I42) -> 26 | O42: =IF(ISNUMBER(SEARCH("Access Point",E42)),"AP",IF(OR(ISNUMBER(SEARCH("Switch",E42)),ISNUMBER(SEARCH("Control Type",E42))),"Switch","Infra")) -> Switch
A43: 165 | B43: D1-041 | C43: Concourse A | D43: A3-008 | E43: Access Switch Type 4 | F43: 1 | G43: 1 | H43: 46100 | I43: 46100 | J43: Success | K43: =F43-G43 -> 0 | L43: =IF(F43=0,"",G43/F43) -> 1 | M43: =I43-TODAY() -> -13 | N43: =_xlfn.ISOWEEKNUM(I43) -> 12 | O43: =IF(ISNUMBER(SEARCH("Access Point",E43)),"AP",IF(OR(ISNUMBER(SEARCH("Switch",E43)),ISNUMBER(SEARCH("Control Type",E43))),"Switch","Infra")) -> Switch
A44: 164 | B44: D1-041 | C44: Concourse A | D44: A3-008 | E44: Access Switch Type 2 | F44: 1 | G44: 1 | H44: 46100 | I44: 46100 | J44: Success | K44: =F44-G44 -> 0 | L44: =IF(F44=0,"",G44/F44) -> 1 | M44: =I44-TODAY() -> -13 | N44: =_xlfn.ISOWEEKNUM(I44) -> 12 | O44: =IF(ISNUMBER(SEARCH("Access Point",E44)),"AP",IF(OR(ISNUMBER(SEARCH("Switch",E44)),ISNUMBER(SEARCH("Control Type",E44))),"Switch","Infra")) -> Switch
A45: 181 | B45: D1-041 | C45: Concourse A | D45: A4-007 | E45: Access Switch Type 4 | F45: 1 | G45: 1 | H45: 46100 | I45: 46100 | J45: Success | K45: =F45-G45 -> 0 | L45: =IF(F45=0,"",G45/F45) -> 1 | M45: =I45-TODAY() -> -13 | N45: =_xlfn.ISOWEEKNUM(I45) -> 12 | O45: =IF(ISNUMBER(SEARCH("Access Point",E45)),"AP",IF(OR(ISNUMBER(SEARCH("Switch",E45)),ISNUMBER(SEARCH("Control Type",E45))),"Switch","Infra")) -> Switch
A46: 731 | B46: AMF | C46: อาคารสถานีซ้อมดับเพลิงอากาศยานสุวรรณภูมิ | D46: ELE-Mainroom | E46: Aggregation Switch Type 3 | F46: 2 | I46: 46195 | J46: On Plan | K46: =F46-G46 -> 2 | L46: =IF(F46=0,"",G46/F46) -> 0 | M46: =I46-TODAY() -> 82 | N46: =_xlfn.ISOWEEKNUM(I46) -> 26 | O46: =IF(ISNUMBER(SEARCH("Access Point",E46)),"AP",IF(OR(ISNUMBER(SEARCH("Switch",E46)),ISNUMBER(SEARCH("Control Type",E46))),"Switch","Infra")) -> Switch
A47: 183 | B47: D1-041 | C47: Concourse A | D47: A4-036 | E47: Access Switch Type 4 | F47: 1 | G47: 1 | H47: 46100 | I47: 46100 | J47: Success | K47: =F47-G47 -> 0 | L47: =IF(F47=0,"",G47/F47) -> 1 | M47: =I47-TODAY() -> -13 | N47: =_xlfn.ISOWEEKNUM(I47) -> 12 | O47: =IF(ISNUMBER(SEARCH("Access Point",E47)),"AP",IF(OR(ISNUMBER(SEARCH("Switch",E47)),ISNUMBER(SEARCH("Control Type",E47))),"Switch","Infra")) -> Switch
A48: 182 | B48: D1-041 | C48: Concourse A | D48: A4-036 | E48: Access Switch Type 2 | F48: 1 | G48: 1 | H48: 46100 | I48: 46100 | J48: Success | K48: =F48-G48 -> 0 | L48: =IF(F48=0,"",G48/F48) -> 1 | M48: =I48-TODAY() -> -13 | N48: =_xlfn.ISOWEEKNUM(I48) -> 12 | O48: =IF(ISNUMBER(SEARCH("Access Point",E48)),"AP",IF(OR(ISNUMBER(SEARCH("Switch",E48)),ISNUMBER(SEARCH("Control Type",E48))),"Switch","Infra")) -> Switch
A49: 356 | B49: CFZ | C49: FZ Service Center | D49: Core Node 7 | E49: Aggregation Switch Type 3 | F49: 2 | I49: 46104 | J49: On Plan | K49: =F49-G49 -> 2 | L49: =IF(F49=0,"",G49/F49) -> 0 | M49: =I49-TODAY() -> -9 | N49: =_xlfn.ISOWEEKNUM(I49) -> 13 | O49: =IF(ISNUMBER(SEARCH("Access Point",E49)),"AP",IF(OR(ISNUMBER(SEARCH("Switch",E49)),ISNUMBER(SEARCH("Control Type",E49))),"Switch","Infra")) -> Switch | P49: *รายการนี้ไม่มีห้องอยู่จริง จะย้ายไปติดที่ P1 และ SWT
A50: 345 | B50: CFZ | C50: Power house 19R | D50: - | E50: Access Point | F50: 1 | I50: 46104 | J50: On Plan | K50: =F50-G50 -> 1 | L50: =IF(F50=0,"",G50/F50) -> 0 | M50: =I50-TODAY() -> -9 | N50: =_xlfn.ISOWEEKNUM(I50) -> 13 | O50: =IF(ISNUMBER(SEARCH("Access Point",E50)),"AP",IF(OR(ISNUMBER(SEARCH("Switch",E50)),ISNUMBER(SEARCH("Control Type",E50))),"Switch","Infra")) -> AP
A51: 184 | B51: D1-041 | C51: Concourse A | D51: A4-041 | E51: Access Switch Type 2 | F51: 1 | G51: 1 | H51: 46100 | I51: 46100 | J51: Success | K51: =F51-G51 -> 0 | L51: =IF(F51=0,"",G51/F51) -> 1 | M51: =I51-TODAY() -> -13 | N51: =_xlfn.ISOWEEKNUM(I51) -> 12 | O51: =IF(ISNUMBER(SEARCH("Access Point",E51)),"AP",IF(OR(ISNUMBER(SEARCH("Switch",E51)),ISNUMBER(SEARCH("Control Type",E51))),"Switch","Infra")) -> Switch
A52: 185 | B52: D1-041 | C52: Concourse A | D52: A4-075 | E52: Access Switch Type 2 | F52: 1 | G52: 1 | H52: 46100 | I52: 46100 | J52: Success | K52: =F52-G52 -> 0 | L52: =IF(F52=0,"",G52/F52) -> 1 | M52: =I52-TODAY() -> -13 | N52: =_xlfn.ISOWEEKNUM(I52) -> 12 | O52: =IF(ISNUMBER(SEARCH("Access Point",E52)),"AP",IF(OR(ISNUMBER(SEARCH("Switch",E52)),ISNUMBER(SEARCH("Control Type",E52))),"Switch","Infra")) -> Switch
A53: 187 | B53: D1-041 | C53: Concourse A | D53: A4-079 | E53: Access Switch Type 4 | F53: 1 | G53: 1 | H53: 46100 | I53: 46100 | J53: Success | K53: =F53-G53 -> 0 | L53: =IF(F53=0,"",G53/F53) -> 1 | M53: =I53-TODAY() -> -13 | N53: =_xlfn.ISOWEEKNUM(I53) -> 12 | O53: =IF(ISNUMBER(SEARCH("Access Point",E53)),"AP",IF(OR(ISNUMBER(SEARCH("Switch",E53)),ISNUMBER(SEARCH("Control Type",E53))),"Switch","Infra")) -> Switch
A54: 186 | B54: D1-041 | C54: Concourse A | D54: A4-079 | E54: Access Switch Type 2 | F54: 1 | G54: 1 | H54: 46100 | I54: 46100 | J54: Success | K54: =F54-G54 -> 0 | L54: =IF(F54=0,"",G54/F54) -> 1 | M54: =I54-TODAY() -> -13 | N54: =_xlfn.ISOWEEKNUM(I54) -> 12 | O54: =IF(ISNUMBER(SEARCH("Access Point",E54)),"AP",IF(OR(ISNUMBER(SEARCH("Switch",E54)),ISNUMBER(SEARCH("Control Type",E54))),"Switch","Infra")) -> Switch
A55: 188 | B55: D1-041 | C55: Concourse A | D55: A4-091 | E55: Access Switch Type 2 | F55: 1 | G55: 1 | H55: 46100 | I55: 46100 | J55: Success | K55: =F55-G55 -> 0 | L55: =IF(F55=0,"",G55/F55) -> 1 | M55: =I55-TODAY() -> -13 | N55: =_xlfn.ISOWEEKNUM(I55) -> 12 | O55: =IF(ISNUMBER(SEARCH("Access Point",E55)),"AP",IF(OR(ISNUMBER(SEARCH("Switch",E55)),ISNUMBER(SEARCH("Control Type",E55))),"Switch","Infra")) -> Switch
A56: 230 | B56: D1-041 | C56: Concourse C | D56: C2-062 | E56: Access Switch Type 4 | F56: 1 | G56: 1 | H56: 46100 | I56: 46100 | J56: Success | K56: =F56-G56 -> 0 | L56: =IF(F56=0,"",G56/F56) -> 1 | M56: =I56-TODAY() -> -13 | N56: =_xlfn.ISOWEEKNUM(I56) -> 12 | O56: =IF(ISNUMBER(SEARCH("Access Point",E56)),"AP",IF(OR(ISNUMBER(SEARCH("Switch",E56)),ISNUMBER(SEARCH("Control Type",E56))),"Switch","Infra")) -> Switch
A57: 229 | B57: D1-041 | C57: Concourse C | D57: C2-062 | E57: Access Switch Type 2 | F57: 1 | G57: 1 | H57: 46100 | I57: 46100 | J57: Success | K57: =F57-G57 -> 0 | L57: =IF(F57=0,"",G57/F57) -> 1 | M57: =I57-TODAY() -> -13 | N57: =_xlfn.ISOWEEKNUM(I57) -> 12 | O57: =IF(ISNUMBER(SEARCH("Access Point",E57)),"AP",IF(OR(ISNUMBER(SEARCH("Switch",E57)),ISNUMBER(SEARCH("Control Type",E57))),"Switch","Infra")) -> Switch
A58: 232 | B58: D1-041 | C58: Concourse C | D58: C2-084 | E58: Access Switch Type 4 | F58: 1 | G58: 1 | H58: 46100 | I58: 46100 | J58: Success | K58: =F58-G58 -> 0 | L58: =IF(F58=0,"",G58/F58) -> 1 | M58: =I58-TODAY() -> -13 | N58: =_xlfn.ISOWEEKNUM(I58) -> 12 | O58: =IF(ISNUMBER(SEARCH("Access Point",E58)),"AP",IF(OR(ISNUMBER(SEARCH("Switch",E58)),ISNUMBER(SEARCH("Control Type",E58))),"Switch","Infra")) -> Switch
A59: 231 | B59: D1-041 | C59: Concourse C | D59: C2-084 | E59: Access Switch Type 2 | F59: 1 | G59: 1 | H59: 46100 | I59: 46100 | J59: Success | K59: =F59-G59 -> 0 | L59: =IF(F59=0,"",G59/F59) -> 1 | M59: =I59-TODAY() -> -13 | N59: =_xlfn.ISOWEEKNUM(I59) -> 12 | O59: =IF(ISNUMBER(SEARCH("Access Point",E59)),"AP",IF(OR(ISNUMBER(SEARCH("Switch",E59)),ISNUMBER(SEARCH("Control Type",E59))),"Switch","Infra")) -> Switch
A60: 109 | B60: D1-041 | C60: Concourse D | D60: D3-012 | E60: Access Switch Type 4 | F60: 1 | G60: 1 | H60: 46100 | I60: 46100 | J60: Success | K60: =F60-G60 -> 0 | L60: =IF(F60=0,"",G60/F60) -> 1 | M60: =I60-TODAY() -> -13 | N60: =_xlfn.ISOWEEKNUM(I60) -> 12 | O60: =IF(ISNUMBER(SEARCH("Access Point",E60)),"AP",IF(OR(ISNUMBER(SEARCH("Switch",E60)),ISNUMBER(SEARCH("Control Type",E60))),"Switch","Infra")) -> Switch
A61: 108 | B61: D1-041 | C61: Concourse D | D61: D3-012 | E61: Access Switch Type 2 | F61: 2 | G61: 2 | H61: 46100 | I61: 46100 | J61: Success | K61: =F61-G61 -> 0 | L61: =IF(F61=0,"",G61/F61) -> 1 | M61: =I61-TODAY() -> -13 | N61: =_xlfn.ISOWEEKNUM(I61) -> 12 | O61: =IF(ISNUMBER(SEARCH("Access Point",E61)),"AP",IF(OR(ISNUMBER(SEARCH("Switch",E61)),ISNUMBER(SEARCH("Control Type",E61))),"Switch","Infra")) -> Switch
A62: 246 | B62: D1-041 | C62: Concourse B | D62: B1-039 | E62: Access Switch Type 4 | F62: 1 | G62: 1 | H62: 46099 | I62: 46099 | J62: Success | K62: =F62-G62 -> 0 | L62: =IF(F62=0,"",G62/F62) -> 1 | M62: =I62-TODAY() -> -14 | N62: =_xlfn.ISOWEEKNUM(I62) -> 12 | O62: =IF(ISNUMBER(SEARCH("Access Point",E62)),"AP",IF(OR(ISNUMBER(SEARCH("Switch",E62)),ISNUMBER(SEARCH("Control Type",E62))),"Switch","Infra")) -> Switch
... A87: 211 | B87: D1-041 | C87: Concourse C | D87: C1-023 | E87: Access Switch Type 4 | F87: 1 | G87: 1 | H87: 46097 | I87: 46097 | J87: Success | K87: =F87-G87 -> 0 | L87: =IF(F87=0,"",G87/F87) -> 1 | M87: =I87-TODAY() -> -16 | N87: =_xlfn.ISOWEEKNUM(I87) -> 12 | O87: =IF(ISNUMBER(SEARCH("Access Point",E87)),"AP",IF(OR(ISNUMBER(SEARCH("Switch",E87)),ISNUMBER(SEARCH("Control Type",E87))),"Switch","Infra")) -> Switch
A88: 348 | B88: CFZ | C88: อาคาร Carpark-1 | D88: P1 | E88: Aggregation Switch Type 3 | F88: 1 | G88: 2 | H88: 46095 | I88: 46095 | J88: Success | K88: =F88-G88 -> -1 | L88: =IF(F88=0,"",G88/F88) -> 2 | M88: =I88-TODAY() -> -18 | N88: =_xlfn.ISOWEEKNUM(I88) -> 11 | O88: =IF(ISNUMBER(SEARCH("Access Point",E88)),"AP",IF(OR(ISNUMBER(SEARCH("Switch",E88)),ISNUMBER(SEARCH("Control Type",E88))),"Switch","Infra")) -> Switch | P88: *ติดตั้ง DS Type 3 จำนวน 1 ตัวเพิ่มด้วย ไม่ได้อยู่ในรายการนี้
A89: 210 | B89: D1-041 | C89: Concourse C | D89: C1-023 | E89: Access Switch Type 2 | F89: 2 | G89: 2 | H89: 46097 | I89: 46097 | J89: Success | K89: =F89-G89 -> 0 | L89: =IF(F89=0,"",G89/F89) -> 1 | M89: =I89-TODAY() -> -16 | N89: =_xlfn.ISOWEEKNUM(I89) -> 12 | O89: =IF(ISNUMBER(SEARCH("Access Point",E89)),"AP",IF(OR(ISNUMBER(SEARCH("Switch",E89)),ISNUMBER(SEARCH("Control Type",E89))),"Switch","Infra")) -> Switch
A90: 214 | B90: D1-041 | C90: Concourse C | D90: C1-033 | E90: Access Switch Type 4 | F90: 1 | G90: 1 | H90: 46097 | I90: 46097 | J90: Success | K90: =F90-G90 -> 0 | L90: =IF(F90=0,"",G90/F90) -> 1 | M90: =I90-TODAY() -> -16 | N90: =_xlfn.ISOWEEKNUM(I90) -> 12 | O90: =IF(ISNUMBER(SEARCH("Access Point",E90)),"AP",IF(OR(ISNUMBER(SEARCH("Switch",E90)),ISNUMBER(SEARCH("Control Type",E90))),"Switch","Infra")) -> Switch
A91: 337 | B91: CFZ | C91: อาคาร CE-1 | D91: CE 1-1 | E91: Aggregation Switch Type 3 | F91: 2 | G91: 2 | H91: 46082 | I91: 46082 | J91: Success | K91: =F91-G91 -> 0 | L91: =IF(F91=0,"",G91/F91) -> 1 | M91: =I91-TODAY() -> -31 | N91: =_xlfn.ISOWEEKNUM(I91) -> 9 | O91: =IF(ISNUMBER(SEARCH("Access Point",E91)),"AP",IF(OR(ISNUMBER(SEARCH("Switch",E91)),ISNUMBER(SEARCH("Control Type",E91))),"Switch","Infra")) -> Switch
A92: 213 | B92: D1-041 | C92: Concourse C | D92: C1-033 | E92: Access Switch Type 2 | F92: 1 | G92: 1 | H92: 46097 | I92: 46097 | J92: Success | K92: =F92-G92 -> 0 | L92: =IF(F92=0,"",G92/F92) -> 1 | M92: =I92-TODAY() -> -16 | N92: =_xlfn.ISOWEEKNUM(I92) -> 12 | O92: =IF(ISNUMBER(SEARCH("Access Point",E92)),"AP",IF(OR(ISNUMBER(SEARCH("Switch",E92)),ISNUMBER(SEARCH("Control Type",E92))),"Switch","Infra")) -> Switch
A93: 220 | B93: D1-041 | C93: Concourse C | D93: C1-060 | E93: Access Switch Type 4 | F93: 1 | G93: 1 | H93: 46097 | I93: 46097 | J93: Success | K93: =F93-G93 -> 0 | L93: =IF(F93=0,"",G93/F93) -> 1 | M93: =I93-TODAY() -> -16 | N93: =_xlfn.ISOWEEKNUM(I93) -> 12 | O93: =IF(ISNUMBER(SEARCH("Access Point",E93)),"AP",IF(OR(ISNUMBER(SEARCH("Switch",E93)),ISNUMBER(SEARCH("Control Type",E93))),"Switch","Infra")) -> Switch
A94: 333 | B94: CFZ | C94: อาคาร CI-1 | D94: CI 1-1 | E94: Aggregation Switch Type 3 | F94: 2 | G94: 2 | H94: 46081 | I94: 46081 | J94: Success | K94: =F94-G94 -> 0 | L94: =IF(F94=0,"",G94/F94) -> 1 | M94: =I94-TODAY() -> -32 | N94: =_xlfn.ISOWEEKNUM(I94) -> 9 | O94: =IF(ISNUMBER(SEARCH("Access Point",E94)),"AP",IF(OR(ISNUMBER(SEARCH("Switch",E94)),ISNUMBER(SEARCH("Control Type",E94))),"Switch","Infra")) -> Switch
A95: 219 | B95: D1-041 | C95: Concourse C | D95: C1-060 | E95: Access Switch Type 2 | F95: 1 | G95: 1 | H95: 46097 | I95: 46097 | J95: Success | K95: =F95-G95 -> 0 | L95: =IF(F95=0,"",G95/F95) -> 1 | M95: =I95-TODAY() -> -16 | N95: =_xlfn.ISOWEEKNUM(I95) -> 12 | O95: =IF(ISNUMBER(SEARCH("Access Point",E95)),"AP",IF(OR(ISNUMBER(SEARCH("Switch",E95)),ISNUMBER(SEARCH("Control Type",E95))),"Switch","Infra")) -> Switch
A96: 223 | B96: D1-041 | C96: Concourse C | D96: C1-070 | E96: Access Switch Type 4 | F96: 2 | G96: 2 | H96: 46097 | I96: 46097 | J96: Success | K96: =F96-G96 -> 0 | L96: =IF(F96=0,"",G96/F96) -> 1 | M96: =I96-TODAY() -> -16 | N96: =_xlfn.ISOWEEKNUM(I96) -> 12 | O96: =IF(ISNUMBER(SEARCH("Access Point",E96)),"AP",IF(OR(ISNUMBER(SEARCH("Switch",E96)),ISNUMBER(SEARCH("Control Type",E96))),"Switch","Infra")) -> Switch
A97: 339 | B97: CFZ | C97: อาคาร CP-1 | D97: CP-1 | E97: Aggregation Switch Type 3 | F97: 2 | G97: 2 | H97: 46084 | I97: 46084 | J97: Success | K97: =F97-G97 -> 0 | L97: =IF(F97=0,"",G97/F97) -> 1 | M97: =I97-TODAY() -> -29 | N97: =_xlfn.ISOWEEKNUM(I97) -> 10 | O97: =IF(ISNUMBER(SEARCH("Access Point",E97)),"AP",IF(OR(ISNUMBER(SEARCH("Switch",E97)),ISNUMBER(SEARCH("Control Type",E97))),"Switch","Infra")) -> Switch
A98: 222 | B98: D1-041 | C98: Concourse C | D98: C1-070 | E98: Access Switch Type 2 | F98: 1 | G98: 1 | H98: 46097 | I98: 46097 | J98: Success | K98: =F98-G98 -> 0 | L98: =IF(F98=0,"",G98/F98) -> 1 | M98: =I98-TODAY() -> -16 | N98: =_xlfn.ISOWEEKNUM(I98) -> 12 | O98: =IF(ISNUMBER(SEARCH("Access Point",E98)),"AP",IF(OR(ISNUMBER(SEARCH("Switch",E98)),ISNUMBER(SEARCH("Control Type",E98))),"Switch","Infra")) -> Switch
A99: 362 | B99: CFZ | C99: อาคาร Access Control | D99: Access Control | E99: Access Switch Type 2 | F99: 1 | G99: 1 | H99: 46095 | I99: 46095 | J99: Success | K99: =F99-G99 -> 0 | L99: =IF(F99=0,"",G99/F99) -> 1 | M99: =I99-TODAY() -> -18 | N99: =_xlfn.ISOWEEKNUM(I99) -> 11 | O99: =IF(ISNUMBER(SEARCH("Access Point",E99)),"AP",IF(OR(ISNUMBER(SEARCH("Switch",E99)),ISNUMBER(SEARCH("Control Type",E99))),"Switch","Infra")) -> Switch | P99: *Change to Access Switch Type 4
A100: 300 | B100: CFZ | C100: อาคาร BFZ | D100: (BF-Z) COMM. RM. | E100: Access Switch Type 4 | F100: 2 | G100: 2 | H100: 46095 | I100: 46095 | J100: Success | K100: =F100-G100 -> 0 | L100: =IF(F100=0,"",G100/F100) -> 1 | M100: =I100-TODAY() -> -18 | N100: =_xlfn.ISOWEEKNUM(I100) -> 11 | O100: =IF(ISNUMBER(SEARCH("Access Point",E100)),"AP",IF(OR(ISNUMBER(SEARCH("Switch",E100)),ISNUMBER(SEARCH("Control Type",E100))),"Switch","Infra")) -> Switch
A101: 299 | B101: CFZ | C101: อาคาร BFZ | D101: (BF-Z) COMM. RM. | E101: Access Switch Type 2 | F101: 4 | G101: 4 | H101: 46095 | I101: 46095 | J101: Success | K101: =F101-G101 -> 0 | L101: =IF(F101=0,"",G101/F101) -> 1 | M101: =I101-TODAY() -> -18 | N101: =_xlfn.ISOWEEKNUM(I101) -> 11 | O101: =IF(ISNUMBER(SEARCH("Access Point",E101)),"AP",IF(OR(ISNUMBER(SEARCH("Switch",E101)),ISNUMBER(SEARCH("Control Type",E101))),"Switch","Infra")) -> Switch
A102: 302 | B102: CFZ | C102: อาคาร BFZ | D102: (BF-Z) MDB COMM | E102: Access Switch Type 4 | F102: 4 | G102: 4 | H102: 46095 | I102: 46095 | J102: Success | K102: =F102-G102 -> 0 | L102: =IF(F102=0,"",G102/F102) -> 1 | M102: =I102-TODAY() -> -18 | N102: =_xlfn.ISOWEEKNUM(I102) -> 11 | O102: =IF(ISNUMBER(SEARCH("Access Point",E102)),"AP",IF(OR(ISNUMBER(SEARCH("Switch",E102)),ISNUMBER(SEARCH("Control Type",E102))),"Switch","Infra")) -> Switch
A103: 301 | B103: CFZ | C103: อาคาร BFZ | D103: (BF-Z) MDB COMM | E103: Access Switch Type 2 | F103: 8 | G103: 8 | H103: 46095 | I103: 46095 | J103: Success | K103: =F103-G103 -> 0 | L103: =IF(F103=0,"",G103/F103) -> 1 | M103: =I103-TODAY() -> -18 | N103: =_xlfn.ISOWEEKNUM(I103) -> 11 | O103: =IF(ISNUMBER(SEARCH("Access Point",E103)),"AP",IF(OR(ISNUMBER(SEARCH("Switch",E103)),ISNUMBER(SEARCH("Control Type",E103))),"Switch","Infra")) -> Switch
A104: 304 | B104: CFZ | C104: อาคาร BFZ | D104: BFZ FL.7 | E104: Access Switch Type 4 | F104: 2 | G104: 2 | H104: 46095 | I104: 46095 | J104: Success | K104: =F104-G104 -> 0 | L104: =IF(F104=0,"",G104/F104) -> 1 | M104: =I104-TODAY() -> -18 | N104: =_xlfn.ISOWEEKNUM(I104) -> 11 | O104: =IF(ISNUMBER(SEARCH("Access Point",E104)),"AP",IF(OR(ISNUMBER(SEARCH("Switch",E104)),ISNUMBER(SEARCH("Control Type",E104))),"Switch","Infra")) -> Switch
A105: 328 | B105: CFZ | C105: อาคาร S1 | D105: Core Node 7 | E105: Wireless Controller | F105: 2 | G105: 2 | H105: 46063 | I105: 46063 | J105: Success | K105: =F105-G105 -> 0 | L105: =IF(F105=0,"",G105/F105) -> 1 | M105: =I105-TODAY() -> -50 | N105: =_xlfn.ISOWEEKNUM(I105) -> 7 | O105: =IF(ISNUMBER(SEARCH("Access Point",E105)),"AP",IF(OR(ISNUMBER(SEARCH("Switch",E105)),ISNUMBER(SEARCH("Control Type",E105))),"Switch","Infra")) -> Infra | P105: ย้ายไปติดที่ DC
A106: 327 | B106: CFZ | C106: อาคาร S1 | D106: Core Node 7 | E106: Distribute Switch Type 2 | F106: 2 | G106: 2 | H106: 46063 | I106: 46063 | J106: Success | K106: =F106-G106 -> 0 | L106: =IF(F106=0,"",G106/F106) -> 1 | M106: =I106-TODAY() -> -50 | N106: =_xlfn.ISOWEEKNUM(I106) -> 7 | O106: =IF(ISNUMBER(SEARCH("Access Point",E106)),"AP",IF(OR(ISNUMBER(SEARCH("Switch",E106)),ISNUMBER(SEARCH("Control Type",E106))),"Switch","Infra")) -> Switch
A107: 326 | B107: CFZ | C107: อาคาร S1 | D107: Core Node 7 | E107: Aggregation Switch Type 3 | F107: 2 | G107: 2 | H107: 46084 | I107: 46084 | J107: Success | K107: =F107-G107 -> 0 | L107: =IF(F107=0,"",G107/F107) -> 1 | M107: =I107-TODAY() -> -29 | N107: =_xlfn.ISOWEEKNUM(I107) -> 10 | O107: =IF(ISNUMBER(SEARCH("Access Point",E107)),"AP",IF(OR(ISNUMBER(SEARCH("Switch",E107)),ISNUMBER(SEARCH("Control Type",E107))),"Switch","Infra")) -> Switch
A108: 305 | B108: CFZ | C108: อาคาร BFZ | D108: BFZ-7 | E108: Access Switch Type 2 | F108: 4 | G108: 4 | H108: 46095 | I108: 46095 | J108: Success | K108: =F108-G108 -> 0 | L108: =IF(F108=0,"",G108/F108) -> 1 | M108: =I108-TODAY() -> -18 | N108: =_xlfn.ISOWEEKNUM(I108) -> 11 | O108: =IF(ISNUMBER(SEARCH("Access Point",E108)),"AP",IF(OR(ISNUMBER(SEARCH("Switch",E108)),ISNUMBER(SEARCH("Control Type",E108))),"Switch","Infra")) -> Switch
A109: 306 | B109: CFZ | C109: อาคาร BFZ | D109: CCTV ROOM | E109: Access Switch Type 2 | F109: 1 | G109: 1 | H109: 46095 | I109: 46095 | J109: Success | K109: =F109-G109 -> 0 | L109: =IF(F109=0,"",G109/F109) -> 1 | M109: =I109-TODAY() -> -18 | N109: =_xlfn.ISOWEEKNUM(I109) -> 11 | O109: =IF(ISNUMBER(SEARCH("Access Point",E109)),"AP",IF(OR(ISNUMBER(SEARCH("Switch",E109)),ISNUMBER(SEARCH("Control Type",E109))),"Switch","Infra")) -> Switch
A110: 308 | B110: CFZ | C110: อาคาร BFZ | D110: Data Center | E110: Access Switch Type 4 | F110: 1 | G110: 1 | H110: 46095 | I110: 46095 | J110: Success | K110: =F110-G110 -> 0 | L110: =IF(F110=0,"",G110/F110) -> 1 | M110: =I110-TODAY() -> -18 | N110: =_xlfn.ISOWEEKNUM(I110) -> 11 | O110: =IF(ISNUMBER(SEARCH("Access Point",E110)),"AP",IF(OR(ISNUMBER(SEARCH("Switch",E110)),ISNUMBER(SEARCH("Control Type",E110))),"Switch","Infra")) -> Switch
A111: 307 | B111: CFZ | C111: อาคาร BFZ | D111: Data Center | E111: Access Switch Type 2 | F111: 7 | G111: 7 | H111: 46095 | I111: 46095 | J111: Success | K111: =F111-G111 -> 0 | L111: =IF(F111=0,"",G111/F111) -> 1 | M111: =I111-TODAY() -> -18 | N111: =_xlfn.ISOWEEKNUM(I111) -> 11 | O111: =IF(ISNUMBER(SEARCH("Access Point",E111)),"AP",IF(OR(ISNUMBER(SEARCH("Switch",E111)),ISNUMBER(SEARCH("Control Type",E111))),"Switch","Infra")) -> Switch
A112: 347 | B112: CFZ | C112: อาคาร Carpark-1 | D112: P1 | E112: Access Switch Type 2 | F112: 2 | G112: 2 | H112: 46095 | I112: 46095 | J112: Success | K112: =F112-G112 -> 0 | L112: =IF(F112=0,"",G112/F112) -> 1 | M112: =I112-TODAY() -> -18 | N112: =_xlfn.ISOWEEKNUM(I112) -> 11 | O112: =IF(ISNUMBER(SEARCH("Access Point",E112)),"AP",IF(OR(ISNUMBER(SEARCH("Switch",E112)),ISNUMBER(SEARCH("Control Type",E112))),"Switch","Infra")) -> Switch | P112: *ติดตั้ง AS Type 4 จำนวน 1 ตัวเพิ่มด้วย ไม่ได้อยู่ในรายการนี้
A113: 351 | B113: CFZ | C113: อาคาร Gatehouse 1 | D113: GH-1 FL.1 | E113: Access Switch Type 2 | F113: 2 | G113: 2 | H113: 46095 | I113: 46095 | J113: Success | K113: =F113-G113 -> 0 | L113: =IF(F113=0,"",G113/F113) -> 1 | M113: =I113-TODAY() -> -18 | N113: =_xlfn.ISOWEEKNUM(I113) -> 11 | O113: =IF(ISNUMBER(SEARCH("Access Point",E113)),"AP",IF(OR(ISNUMBER(SEARCH("Switch",E113)),ISNUMBER(SEARCH("Control Type",E113))),"Switch","Infra")) -> Switch
A114: 370 | B114: CFZ | C114: อาคาร Gatehouse 2 | D114: GH-2 FL.1 | E114: Access Switch Type 2 | F114: 1 | G114: 1 | H114: 46095 | I114: 46095 | J114: Success | K114: =F114-G114 -> 0 | L114: =IF(F114=0,"",G114/F114) -> 1 | M114: =I114-TODAY() -> -18 | N114: =_xlfn.ISOWEEKNUM(I114) -> 11 | O114: =IF(ISNUMBER(SEARCH("Access Point",E114)),"AP",IF(OR(ISNUMBER(SEARCH("Switch",E114)),ISNUMBER(SEARCH("Control Type",E114))),"Switch","Infra")) -> Switch
A115: 360 | B115: CFZ | C115: อาคาร GH-6 | D115: GH-6 FL.1 | E115: Access Switch Type 2 | F115: 1 | G115: 1 | H115: 46095 | I115: 46095 | J115: Success | K115: =F115-G115 -> 0 | L115: =IF(F115=0,"",G115/F115) -> 1 | M115: =I115-TODAY() -> -18 | N115: =_xlfn.ISOWEEKNUM(I115) -> 11 | O115: =IF(ISNUMBER(SEARCH("Access Point",E115)),"AP",IF(OR(ISNUMBER(SEARCH("Switch",E115)),ISNUMBER(SEARCH("Control Type",E115))),"Switch","Infra")) -> Switch
A116: 133 | B116: D1-041 | C116: Concourse A | D116: A1-059 | E116: Access Switch Type 4 | F116: 1 | G116: 1 | H116: 46093 | I116: 46093 | J116: Success | K116: =F116-G116 -> 0 | L116: =IF(F116=0,"",G116/F116) -> 1 | M116: =I116-TODAY() -> -20 | N116: =_xlfn.ISOWEEKNUM(I116) -> 11 | O116: =IF(ISNUMBER(SEARCH("Access Point",E116)),"AP",IF(OR(ISNUMBER(SEARCH("Switch",E116)),ISNUMBER(SEARCH("Control Type",E116))),"Switch","Infra")) -> Switch
A117: 132 | B117: D1-041 | C117: Concourse A | D117: A1-059 | E117: Access Switch Type 2 | F117: 1 | G117: 1 | H117: 46093 | I117: 46093 | J117: Success | K117: =F117-G117 -> 0 | L117: =IF(F117=0,"",G117/F117) -> 1 | M117: =I117-TODAY() -> -20 | N117: =_xlfn.ISOWEEKNUM(I117) -> 11 | O117: =IF(ISNUMBER(SEARCH("Access Point",E117)),"AP",IF(OR(ISNUMBER(SEARCH("Switch",E117)),ISNUMBER(SEARCH("Control Type",E117))),"Switch","Infra")) -> Switch
A118: 358 | B118: CFZ | C118: อาคารกรมศุลกากรคลองเตย | D118: Data Center | E118: Router | F118: 2 | I118: 46104 | J118: On Plan | K118: =F118-G118 -> 2 | L118: =IF(F118=0,"",G118/F118) -> 0 | M118: =I118-TODAY() -> -9 | N118: =_xlfn.ISOWEEKNUM(I118) -> 13 | O118: =IF(ISNUMBER(SEARCH("Access Point",E118)),"AP",IF(OR(ISNUMBER(SEARCH("Switch",E118)),ISNUMBER(SEARCH("Control Type",E118))),"Switch","Infra")) -> Infra
A119: 189 | B119: D1-041 | C119: AIMS | D119: - | E119: Access Point | F119: 19 | I119: 46113 | J119: On Plan | K119: =F119-G119 -> 19 | L119: =IF(F119=0,"",G119/F119) -> 0 | M119: =I119-TODAY() -> 0 | N119: =_xlfn.ISOWEEKNUM(I119) -> 14 | O119: =IF(ISNUMBER(SEARCH("Access Point",E119)),"AP",IF(OR(ISNUMBER(SEARCH("Switch",E119)),ISNUMBER(SEARCH("Control Type",E119))),"Switch","Infra")) -> AP
A120: 136 | B120: D1-041 | C120: Concourse A | D120: A1-078 | E120: Access Switch Type 4 | F120: 1 | G120: 1 | H120: 46093 | I120: 46093 | J120: Success | K120: =F120-G120 -> 0 | L120: =IF(F120=0,"",G120/F120) -> 1 | M120: =I120-TODAY() -> -20 | N120: =_xlfn.ISOWEEKNUM(I120) -> 11 | O120: =IF(ISNUMBER(SEARCH("Access Point",E120)),"AP",IF(OR(ISNUMBER(SEARCH("Switch",E120)),ISNUMBER(SEARCH("Control Type",E120))),"Switch","Infra")) -> Switch
A121: 135 | B121: D1-041 | C121: Concourse A | D121: A1-078 | E121: Access Switch Type 2 | F121: 1 | G121: 1 | H121: 46093 | I121: 46093 | J121: Success | K121: =F121-G121 -> 0 | L121: =IF(F121=0,"",G121/F121) -> 1 | M121: =I121-TODAY() -> -20 | N121: =_xlfn.ISOWEEKNUM(I121) -> 11 | O121: =IF(ISNUMBER(SEARCH("Access Point",E121)),"AP",IF(OR(ISNUMBER(SEARCH("Switch",E121)),ISNUMBER(SEARCH("Control Type",E121))),"Switch","Infra")) -> Switch
A122: 141 | B122: D1-041 | C122: Concourse A | D122: A1-097 | E122: Access Switch Type 4 | F122: 1 | G122: 1 | H122: 46093 | I122: 46093 | J122: Success | K122: =F122-G122 -> 0 | L122: =IF(F122=0,"",G122/F122) -> 1 | M122: =I122-TODAY() -> -20 | N122: =_xlfn.ISOWEEKNUM(I122) -> 11 | O122: =IF(ISNUMBER(SEARCH("Access Point",E122)),"AP",IF(OR(ISNUMBER(SEARCH("Switch",E122)),ISNUMBER(SEARCH("Control Type",E122))),"Switch","Infra")) -> Switch
A123: 140 | B123: D1-041 | C123: Concourse A | D123: A1-097 | E123: Access Switch Type 2 | F123: 1 | G123: 1 | H123: 46093 | I123: 46093 | J123: Success | K123: =F123-G123 -> 0 | L123: =IF(F123=0,"",G123/F123) -> 1 | M123: =I123-TODAY() -> -20 | N123: =_xlfn.ISOWEEKNUM(I123) -> 11 | O123: =IF(ISNUMBER(SEARCH("Access Point",E123)),"AP",IF(OR(ISNUMBER(SEARCH("Switch",E123)),ISNUMBER(SEARCH("Control Type",E123))),"Switch","Infra")) -> Switch
A124: 144 | B124: D1-041 | C124: Concourse A | D124: A1-112 | E124: Access Switch Type 4 | F124: 1 | G124: 1 | H124: 46093 | I124: 46093 | J124: Success | K124: =F124-G124 -> 0 | L124: =IF(F124=0,"",G124/F124) -> 1 | M124: =I124-TODAY() -> -20 | N124: =_xlfn.ISOWEEKNUM(I124) -> 11 | O124: =IF(ISNUMBER(SEARCH("Access Point",E124)),"AP",IF(OR(ISNUMBER(SEARCH("Switch",E124)),ISNUMBER(SEARCH("Control Type",E124))),"Switch","Infra")) -> Switch
...

Sheet Summary
A1: SDA Installation Plan - Summary (Based on ภาคผนวก ค)
A2: Generated: 2026-02-01 06:26
A4: Fabric | B4: Start Date | C4: End Date | D4: Duration | E4: Total | F4: Switch | G4: AP | H4: Total/Day | I4: Switch/Day | J4: AP/Day | K4: Locations | L4: Rooms
A5: D1-041 | B5: 2026-02-14 | C5: 2026-06-10 | D5: 117 | E5: 712 | F5: 422 | G5: 290 | H5: 6.09 | I5: 3.61 | J5: 2.48 | K5: 19 | L5: 132
A6: CFZ | B6: 2026-02-22 | C6: 2026-04-08 | D6: 46 | E6: 187 | F6: 162 | G6: 25 | H6: 4.07 | I6: 3.52 | J6: 0.54 | K6: 31 | L6: 58
A7: T1-015 | B7: 2026-03-01 | C7: 2026-05-11 | D7: 72 | E7: 327 | F7: 283 | G7: 44 | H7: 4.54 | I7: 3.93 | J7: 0.61 | K7: 5 | L7: 65
A8: D1-091 | B8: 2026-03-08 | C8: 2026-04-23 | D8: 47 | E8: 145 | F8: 134 | G8: 11 | H8: 3.09 | I8: 2.85 | J8: 0.23 | K8: 10 | L8: 61
A9: RFF | B9: 2026-03-15 | C9: 2026-04-15 | D9: 32 | E9: 99 | F9: 67 | G9: 32 | H9: 3.09 | I9: 2.09 | J9: 1 | K9: 15 | L9: 31
A10: AMF | B10: 2026-03-15 | C10: 2026-04-21 | D10: 38 | E10: 114 | F10: 71 | G10: 43 | H10: 3 | I10: 1.87 | J10: 1.13 | K10: 12 | L10: 31
A11: PPW | B11: 2026-04-01 | C11: 2026-04-16 | D11: 16 | E11: 8 | F11: 8 | G11: 0 | H11: 0.5 | I11: 0.5 | J11: 0 | K11: 2 | L11: 3
A12: TOTAL | E12: 1592 | F12: 1147 | G12: 445

Sheet Type_Summary
A1: Device Type Summary by Fabric
A3: Device Type | B3: D1-041 | C3: CFZ | D3: T1-015 | E3: D1-091 | F3: RFF | G3: AMF | H3: PPW | I3: Total
A4: Access Control Type 1 | B4: 4 | C4: 0 | D4: 0 | E4: 0 | F4: 0 | G4: 0 | H4: 0 | I4: 4
A5: Access Point | B5: 290 | C5: 25 | D5: 44 | E5: 11 | F5: 32 | G5: 43 | H5: 0 | I5: 445
A6: Access Switch Type 1 | B6: 34 | C6: 0 | D6: 6 | E6: 0 | F6: 3 | G6: 2 | H6: 0 | I6: 45
A7: Access Switch Type 2 | B7: 164 | C7: 130 | D7: 140 | E7: 66 | F7: 40 | G7: 40 | H7: 4 | I7: 584
A8: Access Switch Type 3 | B8: 25 | C8: 0 | D8: 7 | E8: 0 | F8: 0 | G8: 5 | H8: 0 | I8: 37
A9: Access Switch Type 4 | B9: 128 | C9: 13 | D9: 100 | E9: 47 | F9: 17 | G9: 15 | H9: 0 | I9: 320
A10: Aggregation Switch Type 1 | B10: 2 | C10: 0 | D10: 0 | E10: 0 | F10: 0 | G10: 0 | H10: 0 | I10: 2
A11: Aggregation Switch Type 2 | B11: 25 | C11: 0 | D11: 13 | E11: 6 | F11: 1 | G11: 2 | H11: 0 | I11: 47
A12: Aggregation Switch Type 3 | B12: 18 | C12: 11 | D12: 13 | E12: 15 | F12: 2 | G12: 3 | H12: 0 | I12: 62
A13: Core Switch Type 1 | B13: 4 | C13: 0 | D13: 0 | E13: 0 | F13: 0 | G13: 0 | H13: 0 | I13: 4
A14: Distribute Switch Type 1 | B14: 4 | C14: 0 | D14: 2 | E14: 0 | F14: 2 | G14: 2 | H14: 0 | I14: 10
A15: Distribute Switch Type 2 | B15: 0 | C15: 2 | D15: 0 | E15: 0 | F15: 0 | G15: 0 | H15: 2 | I15: 4
... A23: TOTAL | B23: 712 | C23: 187 | D23: 327 | E23: 145 | F23: 99 | G23: 114 | H23: 8 | I23: 1592

Sheet Location_Summary
A1: Location Summary by Fabric - Installation Planning
A2: Generated: 2026-02-01 06:26 | Days allocated proportionally by device count
A4: Fabric | B4: Location | C4: Total | D4: Switch | E4: AP | F4: Days | G4: Total/Day | H4: Switch/Day | I4: AP/Day | J4: Rooms | K4: Start Date | L4: End Date | M4: Status
A5: D1-041 | B5: อาคารสำนักงานท่าอากาศยานสุวรรณภูมิ | C5: 318 | D5: 99 | E5: 219 | F5: 49 | G5: 6.49 | H5: 2.02 | I5: 4.47 | J5: 27 | K5: 2026-02-14 | L5: 2026-04-03 | M5: Pending
A6: D1-041 | B6: Concourse D | C6: 106 | D6: 106 | E6: 0 | F6: 16 | G6: 6.62 | H6: 6.62 | I6: 0 | J6: 29 | K6: 2026-04-04 | L6: 2026-04-19 | M6: Pending
A7: D1-041 | B7: Concourse A | C7: 71 | D7: 71 | E7: 0 | F7: 11 | G7: 6.45 | H7: 6.45 | I7: 0 | J7: 33 | K7: 2026-04-20 | L7: 2026-04-30 | M7: Pending
A8: D1-041 | B8: AIMS | C8: 64 | D8: 45 | E8: 19 | F8: 10 | G8: 6.4 | H8: 4.5 | I8: 1.9 | J8: 9 | K8: 2026-05-01 | L8: 2026-05-10 | M8: Pending
A9: D1-041 | B9: Concourse C | C9: 35 | D9: 35 | E9: 0 | F9: 5 | G9: 7 | H9: 7 | I9: 0 | J9: 13 | K9: 2026-05-11 | L9: 2026-05-15 | M9: Pending
A10: D1-041 | B10: Concourse B | C10: 26 | D10: 26 | E10: 0 | F10: 3 | G10: 8.67 | H10: 8.67 | I10: 0 | J10: 9 | K10: 2026-05-16 | L10: 2026-05-18 | M10: Pending
A11: D1-041 | B11: อาคารสถานีดับเพลิงและกู้ภัยฝั่งตะวันออก | C11: 18 | D11: 7 | E11: 11 | F11: 2 | G11: 9 | H11: 3.5 | I11: 5.5 | J11: 6 | K11: 2026-05-19 | L11: 2026-05-20 | M11: Pending
A12: D1-041 | B12: สำนักงานบริหารการก่อสร้าง อาคาร SBIA-NEWBULDING | C12: 14 | D12: 10 | E12: 4 | F12: 1 | G12: 14 | H12: 10 | I12: 4 | J12: 2 | K12: 2026-05-21 | L12: 2026-05-21 | M12: Pending
A13: D1-041 | B13: สำนักงานบริหารการก่อสร้าง อาคาร 2 | C13: 13 | D13: 4 | E13: 9 | F13: 1 | G13: 13 | H13: 4 | I13: 9 | J13: 2 | K13: 2026-05-22 | L13: 2026-05-22 | M13: Pending
A14: D1-041 | B14: สำนักงานบริหารการก่อสร้าง อาคาร 3 | C14: 12 | D14: 3 | E14: 9 | F14: 1 | G14: 12 | H14: 3 | I14: 9 | J14: 2 | K14: 2026-05-23 | L14: 2026-05-23 | M14: Pending
